Source_id,Title,Time,Author,Content,Other_picture
56128218048,半導體業超高薪職務出爐 連下游國內業務月薪都有近6萬,2024/09/10 11:03:32,經濟日報 記者葉卉軒／台北即時報導,"http://b.scorecardresearch.com/p?c1=2&c2=7390954&cv=2.0&cj=1AI熱潮爆發，明顯帶動半導體薪資成長。104人力銀行10日發布最新資料顯示，觀察近10年20萬筆半導體產業求職會員薪資，2024年平均月薪5.9萬。 圖／聯合報系資料照片
AI熱潮爆發，明顯帶動半導體薪資成長。104人力銀行10日發布最新資料顯示，觀察近10年20萬筆半導體產業求職會員薪資，2024年平均月薪5.9萬，在63個產業中，僅次於電腦及消費性電子製造業、排行全產業第二。 若依地區，北部半導體平均月薪突破6萬、中南部逾5萬；依職務，上游產業的類比IC設計工程師平均月薪逾10萬，下游產業的國內業務平均月薪5.8萬，擠進下游產業的前五大高薪職務，也為非理工科系最有機會切入的半導體高薪職務。 104人力銀行大數據顯示，2024年半導體平均月薪5.9萬，年增幅4.6%，高於去年增幅2.8%，2024年半導體景氣回溫加上AI帶動產業應用發展，企業留才攬才更願意提升從業人員薪資；看長期，近五年半導體業薪資增幅15%，居五大高薪產業（電腦及消費性電子製造、鞋類/紡織製品製造、投資理財、軟體網路業）的最大增幅，顯見半導體產業依舊為近年台灣經濟的重要支柱。 此外，104人力銀行大數據還顯示，2024年半導體各地區平均月薪，北部6.2萬最高，中部5.3萬，南部5.4萬；各區增幅，受惠於2023年南科產值超越竹科，南部半導體薪資年增幅5.5%居各區之冠。 至於在半導體產業鏈上中下游的15個高薪職務中，有14個為工程師，以上游類比IC設計工程師平均月薪10.4萬最高，在上、中游從事類比或數位IC設計職務，薪資可達9.2萬以上；演算法開發工程師薪資9.2萬，與2023年平均月薪8.4萬相比，薪資成長近10%；唯一非工程師的職務為下游國內業務，薪資5.8萬，是非理工科系投入半導體爭取高薪的切入點。 半導體上中下游前五大高薪職務。 圖／104人力銀行提供 $(document).ready(function () {nstockStoryStockInfo();});",['https://pgw.udn.com.tw/gw/photo.php?u=https://uc.udn.com.tw/photo/2024/09/10/realtime/30477043.png&x=0&y=0&sw=0&sh=0&sl=W&fw=1050&exp=3600&exp=3600']
56128218004,iPhone 16來了 遠傳同步 Apple 官網 13日開放預購　,2024/09/10 10:49:08,經濟日報 記者黃晶琳／台北即時報導,http://b.scorecardresearch.com/p?c1=2&c2=7390954&cv=2.0&cj=1蘋果iPhone16系列於台灣時間10日凌晨正式發表，今年預計推出包含iPhone 16、iPhone 16 Plus、iPhone 16 Pro、iPhone 16 1Pro Max 4款全新機型，預料將再掀起年度換機熱潮，遠傳電信宣布，同步Apple官網，於9月13日晚上8時起開放預購，遠傳也從今日上午11時起，推出限時24小時快閃調查，只需線上完成今年最愛iPhone 16機款問卷，就有機會獲得最新iPhone16。 遠傳電信資深副總趙憶南表示，這次iPhone 16系列價格不變，在硬體規格上提升還超有感，且未來將陸續新增多項Apple Intelligence功能，讓使用者在日常生活中能夠享受到更智慧、更便捷的使用體驗，預計將會再掀起一波年度換機大熱潮，帶動4G升級5G的需求，且過往遠傳iPhone新機到貨比市場充足，可以滿足客戶需求。全新款iPhone、搭配遠傳優質的網路、超強最新功能，三個願望一次全滿足，才是最完美的體驗。遠傳在5G網路的優勢，包含經國際機構認證的世界級網速，以及合併亞太後擁有的業界最大5G頻寬，會是消費者使用iPhone的最佳拍檔。 全新iPhone 16全面使用A18晶片處理器，iPhone 16 Pro/Pro Max則搭載A18 Pro晶片，全面支援 「Apple Intelligence」AI功能，強力驅動新一代的相機功能，而超高能源效率讓電池續航力更持久。iPhone 16全系列搭載48MP主相機，並新增「Capture Button相機控制鍵」全新設計，橫向模式拍照時更便利，可按壓或滑動來啟動不同功能，如拍照、拍片，取景時半按亦可打開新選頂介面，讓拍攝更精準。 同時，iPhone 16 Pro 系列，沿用鈦金屬設計，並帶來四大配色，其中全新「沙漠色鈦金屬」暖色調配色，特別引人矚目；而iPhone 16採用鋁金屬機身，除基本色白色、黑色外，還有「湛海藍」、「湖水綠」和「粉紅」三種新配色。今年新機更迎來史上最大螢幕，iPhone 16 Pro升級更大的 6.3 吋螢幕（原本6.1 吋），而 iPhone 16 Pro Max 螢幕則將增至 6.9 吋（原本6.7 吋），適合愛看影片和玩遊戲的用戶。 $(document).ready(function () {nstockStoryStockInfo();});,
56128218002,獨家／仁寶「調薪」開獎！「2部分」全員都有、幅度曝光,2024/09/10 10:48:30,經濟日報 記者吳康瑋／台北即時報導,"http://b.scorecardresearch.com/p?c1=2&c2=7390954&cv=2.0&cj=1仁寶。記者吳康瑋／攝影
國內每家科技大廠的「調薪時間」及「調薪幅度」幾乎都不太一樣，而近年積極朝AI伺服器市場發展的代工大廠仁寶 （2324） 則傳出已於10日啟動「全員調薪」的消息，並且調整完成的薪資，也已完成入帳。面對調薪傳聞，發言體系也向《經濟日報》證實，仁寶調薪的時間一般都是在9月左右，並且可分為全公司2-4%的固定調薪、以及不同部門不同比例的個人績效，共計兩個部分。 科技業工作壓力普遍高於一般上班族，且因工時較長、也常被外界冠上「爆肝」一詞來形容，不過長時間的付出，也讓從事科技業的人才，擁有相對誘人的薪資水準。一般而言，科技大廠年終加底薪、最少都至少可以領到14-15個月的薪資水準，不過業內人士透露，真正的看點在於每年發放的「分紅獎金」以及「調薪水準」，惟有上調自己的基礎薪資，才能真正讓人有感。 仁寶一向將每位員工視為家人，除了所有員工薪資都以「同工同酬」及工作績效為核給原則，依個人學歷、經歷及賦予的職等、職稱與工作性質核給不同薪資外，還會依年度獲利狀況給予員工利潤分紅，每年全員更享有固定調薪，以及資深員工獎金。發言體系坦言，公司相當重視人才培育與員工福利，並堅持一定要與員工分享經營成果，每位員工依照工作表現，平時就可領到績效、分紅獎金，以及穩定的調薪。 根據仁寶官網揭露的薪資福利資訊顯示，集團所有員工的薪資報酬，原則上都包含12個月薪資、年中獎金等部分，並依據公司經營成果及員工個人績效發給年終獎金及調整薪資2~4%。而依公司章程規定，團隊每年度如有獲利，應以扣除員工酬勞及董事酬勞前之本期稅前淨利，提撥不低於2%為員工酬勞，上述獎金、調整薪資及員工酬勞均提報薪資報酬委員會審議及董事會議決。 據內部人士透露，除了每個人都享有的固定調整2%-4%之外，最終實際的調薪幅度，也受到「年資/考績」很大程度的影響，並且還需要考量不同「級職」的區別，而個人考績也代表自己去年一整年當中，付出一切努力所獲得的成果，多劃分為「A、B、C」三個等地，因此幾乎所有人的調薪幅度都各有不同，此外若是級職上獲得升職，月薪就會上調10%左右，因此個人平時的努力付出，仍然是非常的重要。 $(document).ready(function () {nstockStoryStockInfo();});",
56128217993,iPhone 16秀 AI 效能 分析師：鴻海組裝占比拚6成,2024/09/10 10:45:32,中央社 記者鍾榮峰台北10日電,"http://b.scorecardresearch.com/p?c1=2&c2=7390954&cv=2.0&cj=1鴻海集團。記者吳康瑋／攝影
蘋果（Apple）今天推出內建人工智慧（AI）功能的iPhone 16手機系列，分析師預估，今年iPhone 16系列出貨量上看8900萬支，其中iPhone 16 Pro和Pro Max高階版占比達68%，鴻海仍是最大組裝代工廠，生產比重上看6成。 蘋果今天發表新一代iPhone 16智慧型手機系列，包括iPhone 16、iPhone 16 Plus、iPhone 16 Pro、 iPhone 16Pro Max，首度整合自行研發的智慧系統AppleIntelligence。 展望iPhone 16系列出貨進展，天風國際證券分析師郭明錤9日預估，iPhone 16系列8月與9月出貨分別約900萬支與1600萬支，今年出貨量可從原先預期的8700萬支至8800萬支，微幅上修至8800萬支至8900萬支，主要是iPhone 16小幅增加訂單。 從出貨比重來看，郭明錤預估，iPhone 16出貨占比約26%，iPhone 16 Pro占比約30%，iPhone 16 Pro Max占比約38%。 觀察iPhone 16系列組裝代工供應鏈，郭明錤表示，鴻海仍是組裝代工最大供應商，預期生產比重約55%至60%。 美系法人日前評估，鴻海占整體iPhone 16系列組裝代工比重約60%，iPhone 16 Pro系列旗艦機種出貨占比超過50%。 鴻海日前表示，最近幾個月包括手機和其他產品旺季活動準備如常，下半年旺季期間營運將逐漸加溫，預期第3季營運可季增及年增，目前能見度更佳。 $(document).ready(function () {nstockStoryStockInfo();});",
56128217990,家登8月營收創同期新高 全年挑戰高峰,2024/09/10 10:45:30,中央社 記者張建中新竹10日電,http://b.scorecardresearch.com/p?c1=2&c2=7390954&cv=2.0&cj=1家登自結8月營收新台幣6.46億元，月增約1.2%，年增45%，並創同期新高；累計前8月營收44.61億元，年增38%。家登預期，今年總營收可望挑戰新高。 家登表示，下半年旺季營運動能強勁，在半導體先進製程及人工智慧（AI）熱潮下，旗下光罩和晶圓載具出貨暢旺，是業績成長主要動能。 展望未來，家登指出，高數值孔徑極紫外光（High-NA EUV）光罩盒需求量將持續增長，晶圓載具市占率也將不斷攀升。 此外，航太領域布局將開花結果，家登表示，CoWoS先進封裝方案及浸潤式散熱技術也將注入成長動能，預期2025年集團營收將挑戰100億元大關。 $(document).ready(function () {nstockStoryStockInfo();});,
56128217960,台虎十年 隨10起航,2024/09/10 10:35:34,經濟日報 記者黃淑惠／台北即時報導,http://b.scorecardresearch.com/p?c1=2&c2=7390954&cv=2.0&cj=1「台虎十年、隨10起航」今「2024年」9月26日正式迎來開航10週年的台灣虎航，10日宣布將於9月份推出一系列的週年慶活動，活動內容包括天天簽到10在好賺、玩IG濾鏡抽虎禮、實體快閃活動抽10張機票等，送好送滿的各種優惠好康，準備和虎迷們一起歡慶整個9月。 首波主打推出「天天簽到10在好賺」和「玩IG濾鏡抽虎禮」活動，邀請虎迷們一起來慶生倒數！「天天簽到10在好賺」活動時間自2024年9月12日10:00 起至 2024年9月21日晚間23:59止，凡具備tigerclub 會員資格者，皆可於活動期間至指定活動網頁登錄會員相關資料，並參加每日問答，答對者即可進行當日簽到。 在10天之活動期間，只要簽到日累積滿5天者即可獲得300元回饋金，滿8天者可獲得500元回饋金，滿10天者可獲得 999元回饋金。而「玩IG濾鏡抽虎禮」則是兩人一組玩濾鏡默契大考驗，即日起至2024年9月26日晚間23:59止期間，把遊戲結果截圖上傳至台灣虎航官方粉絲團的活動貼文留言處，就有機會獲得精選好禮。同時，虎禮選平台也推出多種台灣虎航logo新商品，以滿滿的活力設計來陪伴虎迷的每一趟旅程。 實體的熱血活動當然也不能少，將號召虎迷們於2024年9月25日到指定快閃地點集合，當天預計抽出2024年9月26日限定出發之限定航點來回機票共計10張。 另外，為答謝虎迷們一路以來的支持，同步推出為期一年的「尊榮虎搭10送1」獎勵計畫。凡為台灣虎航tigerclub會員，於2024年1月1日至2025年9月25日止，會員記錄中完成搭乘台灣虎航任一航班且累計滿10趟次(即10個單程，如記錄中為1組來回機票，會直接判定為2趟次)，即可獲贈1組機票兌換序號；累計滿20趟次，即可獲贈2組機票兌換序號，依此類推；以感謝虎迷們的支持。 台灣虎航自2014年9月26日開航第一條航線以來，目前共飛航日本、韓國、澳門、泰國及越南等地區，更是飛航日本、韓國最多航點的國籍航空。,
56128217916,綠能、半導體擴廠 第2季製造業增購固定資產年增13%,2024/09/10 10:21:16,中央社 記者劉千綾台北10日電,http://b.scorecardresearch.com/p?c1=2&c2=7390954&cv=2.0&cj=1在半導體擴廠動能、綠能及電力工程推展挹注下，經濟部統計處表示，113年第2季製造業國內固定資產增購達新台幣4822億元，年增13.1%，結束連續5季負成長，以電子零組件業增購3276億元為最大宗。 經濟部統計處今天發布113年第2季製造業投資及營運概況調查統計，依照固定資產型態區分，113年第2季以機械及雜項設備增購占80.1%最多，年增15.7%；其次為房屋及營建工程占19.1%，年增2.7%。 就行業別觀察，電子零組件業第2季固定資產增購3276億元，占製造業67.9%居各業之冠，年增26.3%，主因半導體廠商因應AI商機與新興科技等應用強勁需求，加速擴充先進製程與高階封測產能。 由於去年比較基期較高等因素，化學材料及肥料業增購208億元，年減27.5%；石油及煤製品業增購166億元，年減22.5%。在減碳趨勢下，鋼鐵大廠持續投入環保改善工程及汰換設備，推升基本金屬業增購124億元，年增3%。 電腦電子產品及光學製品業方面，增購114億元，年減9.9%，主因去年同期部分廠商因應網通、伺服器等需求成長，擴建廠房及產能，相關資本支出較高所致。 電力設備及配備業增購112億元，年增73.5%。統計處說明，主因為應綠能、強韌電網及電力系統改善工程等需求，相關電池及電力設備廠商擴增產能。 此外，半導體設備、自動化需求增溫，相關業者擴建廠房及產線因應，推升機械設備業增購98億元，年增9.5%。 營收方面，在人工智慧、高效能運算及雲端服務商機持續拓展挹注下，113年第2季製造業營業收入（含海外生產之收入）8兆302億元，季增8.9%，年增8.1%，結束連續6季負成長。 展望未來，統計處表示，半導體供應鏈為維持技術領先優勢，持續擴充高階產能，以及全球終端商品需求改善，有利帶動企業投資意願回升，加以淨零轉型及產業自動化、數位化投資趨勢延續，均可望挹注製造業投資動能；但全球經濟成長表現續受主要國家利率政策發展、美中科技爭端及地緣政治風險等不確定因素干擾，仍需持續關注並審慎因應。 $(document).ready(function () {nstockStoryStockInfo();});,
56128217836,iPhone 16內建AI功能 蘋概股早盤表現平淡,2024/09/10 10:00:39,中央社 記者鍾榮峰台北10日電,http://b.scorecardresearch.com/p?c1=2&c2=7390954&cv=2.0&cj=1蘋果（Apple）今天推出內建人工智慧（AI）功能的iPhone 16系列手機，大部分蘋果概念股今天早盤表現平淡，台積電早盤持穩，台達電、日月光投控勁揚，鴻海、和碩守平盤。 蘋果今天發表新一代iPhone 16系列智慧型手機，包括iPhone 16、iPhone 16 Plus、iPhone 16 Pro、 iPhone 16Pro Max，首度整合自行研發的智慧系統AppleIntelligence。新機內建A18晶片，其中iPhone 16 Pro系列搭載A18 Pro晶片，均可實現更快的AI效能。 不過iPhone新品發布並未激勵蘋概股表現，早盤股價淡定，主要組裝代工夥伴鴻海在平盤172元附近整理，和碩維持平盤100元，鏡頭廠商玉晶光小漲、大立光開高走低翻黑。機殼廠可成和鴻準、面板驅動晶片封測供應商頎邦小漲，石英元件廠晶技跌1.3%。 A18晶片晶圓代工龍頭台積電早盤重返900元大關，來到906元，小漲0.78%。電源供應商台達電早盤漲1.5%。系統級封裝（SiP）供應商日月光投控早盤勁揚近2.5%。被動元件廠國巨小漲。 市場人士評估，A18晶片採用台積電3奈米高階晶圓製程製造；大立光和玉晶光是iPhone 16系列潛望式鏡頭主要供應商。 此外，IC載板廠景碩、南電、欣興、印刷電路板供應商臻鼎-KY、華通、砷化鎵廠穩懋等，市場預期也持續切入iPhone 16系列供應鏈。 $(document).ready(function () {nstockStoryStockInfo();});,
56128217773,精成科技旗下ELNA馬來西亞PCB新廠今日落成 強攻伺服器,2024/09/10 09:41:29,經濟日報 特派記者李孟珊／檳城10日電,"http://b.scorecardresearch.com/p?c1=2&c2=7390954&cv=2.0&cj=1PSA精成科技旗下ELNA馬來西亞PCB新廠今日落成。記者李孟珊／攝影。
PSA華科事業群旗下精成科技 （6191） 之印刷電路板製造廠ELNA，在10日於馬來西亞檳城舉行新廠落成典禮，由PSA華科事業群董事長焦佑衡、PSA PCB事業群總經理陶正國、ELNA社長楊其荺偕同經營幹部主持。新廠第一期產能將生產30萬平方英呎，供應汽車、伺服器、網絡設備、個人運算及消費性電子產品等，隨著高品質及先進PCB需求日益增長，預估未來滿產能可達到100萬平方英呎。 焦佑衡表示，ELNA 2018年加入PSA華科事業群，2022年至今在馬來西亞投入超過10億馬幣，在檳城現有廠房旁興建一座五層樓的PCB製造廠，生產高品質及先進的印刷電路板，新廠第一期產能將生產30萬平方英呎，供應汽車、伺服器、網絡設備、個人運算及消費性電子產品等，隨著高品質及先進PCB需求日益增長，預估未來滿產能可達到100萬平方英呎。 ELNA楊其荺社長指出，原有廠房仍會持續製造雙面及多層印刷電路板，新廠增加先進產能，係為滿足客戶對供應商地理製造多樣化、供應鏈彈性的需求。 據悉，馬來西亞是全球第六大半導體出口國，檳城是馬來西亞半導體產業主要重鎮，擁有完善的工業生態系統、豐富的人才庫及有利的商業環境。目前進駐馬來西亞以半導體封裝與測試廠為大宗，佔全球市場13%，ELNA選擇於檳城續新建PCB廠房，有望為檳城建構更完整的電子製造供應鏈。 此次在馬來西亞新建第二座PCB廠房擴大產能，將移轉先進的製造技術，培養本地PCB尖端技術人才，創造超過1,000個額外就業機會。檳城州曹觀友首席部長致詞強調，ELNA新廠落成對檳城是一個重要的里程碑，檳城將繼續努力鞏固在電子製造領域的全球領導地位。 PSA華科事業群積極佈局全球，包含旗下精成科技、釜屋電機、閎暉實業 （3311） 在馬來西亞、日本等地投資，設立被動元件、印刷電路板、EMS代工工廠等，集團PCB總經理陶正國進一步說，PSA致力為全球客戶提供一站式的產業最佳解決方案，ELNA新廠落成啟用是PCB事業群重要的里程碑，期待能提供更多元且優質的產品和服務。 PSA精成科技旗下ELNA馬來西亞PCB新廠今日落成。記者李孟珊／攝影。 PSA精成科技旗下ELNA馬來西亞PCB新廠今日落成。記者李孟珊／攝影。 PSA精成科技旗下ELNA馬來西亞PCB新廠今日落成，董事長焦佑衡出席。記者李孟珊／攝影。 PSA精成科技旗下ELNA馬來西亞PCB新廠今日落成。記者李孟珊／攝影。 PSA精成科技旗下ELNA馬來西亞PCB新廠今日落成。記者李孟珊／攝影。 $(document).ready(function () {nstockStoryStockInfo();});","['https://pgw.udn.com.tw/gw/photo.php?u=https://uc.udn.com.tw/photo/2024/09/10/realtime/30476369.jpg&x=0&y=0&sw=0&sh=0&sl=W&fw=1050&exp=3600&exp=3600', 'https://pgw.udn.com.tw/gw/photo.php?u=https://uc.udn.com.tw/photo/2024/09/10/realtime/30476370.jpg&x=0&y=0&sw=0&sh=0&sl=W&fw=1050&exp=3600&exp=3600', 'https://pgw.udn.com.tw/gw/photo.php?u=https://uc.udn.com.tw/photo/2024/09/10/realtime/30476371.jpg&x=0&y=0&sw=0&sh=0&sl=W&fw=1050&exp=3600&exp=3600', 'https://pgw.udn.com.tw/gw/photo.php?u=https://uc.udn.com.tw/photo/2024/09/10/realtime/30476372.jpg&x=0&y=0&sw=0&sh=0&sl=W&fw=1050&exp=3600&exp=3600', 'https://pgw.udn.com.tw/gw/photo.php?u=https://uc.udn.com.tw/photo/2024/09/10/realtime/30476373.jpg&x=0&y=0&sw=0&sh=0&sl=W&fw=1050&exp=3600&exp=3600']"
56128217724,鋒魁邁向國際化 搶攻歐美半導體商機,2024/09/10 09:10:33,經濟日報 記者李珣瑛／新竹即時報導,"http://b.scorecardresearch.com/p?c1=2&c2=7390954&cv=2.0&cj=1鋒魁科技總經理林千惠（前排右四）日前受新東向聯盟（TeaLa）邀請參加台灣半導體產業考察團，前往捷克進行深入考察。圖／業者提供
鋒魁 （7530） 科技日前造訪捷克，探詢歐洲半導體復興商機，展現積極推動國際連結的決心，隨著台灣半導體供應鏈的全球化步伐日益加快，鋒魁正不斷擴大其國際觸角。 8月下旬，鋒魁科技總經理林千惠受新東向聯盟（TeaLa）邀請參加台灣半導體產業考察團，前往捷克進行深入考察，探討中東歐及整個歐盟半導體市場的發展潛力。林千惠表示，捷克作為歐洲科技發展的重要樞紐，憑藉其優越的地理位置及高素質人才，為半導體產業鏈提供了理想的發展環境，鋒魁對此充滿期待。 林千惠指出，捷克的半導體發展擁有長期的科研基礎，尤其是在材料科學和精密工程領域的技術積累，這使得捷克成為進入歐洲半導體市場的重要門戶。未來若能通過與捷克方產學研的深度合作，鋒魁科技不僅有望能夠從市場面找到切入點，還能借助當地豐富的科研人才資源，加速產品的研發和生產，進一步提升競爭力。 鋒魁向來以技術的創新突破與智能整合作為公司成長的關鍵策略，近期上市的全新智能真空幫浦產品系列預期可以在歐洲市場擁有巨大的競爭優勢。林千惠表示，該系列產品不僅在技術上具備領先優勢，還針對當前半導體製造業面臨的核心需求進行了升級和創新。 鋒魁全新智能真空幫浦擁有三大主要特點： 智能6秒不斷電系統：該系統內置高容量電池組和智能控制器，能夠在電源故障的6秒內確保真空幫浦持續運行，避免生產線因電力中斷而停機，保障了工廠的生產效率和設備的穩定性，這在以高可靠性為導向的歐洲市場尤其具有吸引力。 智能控制系統：搭載了帆宣科技的先進「半導體故障預診斷技術」，這一技術能夠使機台故障預測的準確率達到95%以上，同時誤報率控制在1%以下。這一技術不僅提高了機台的運行效率，還降低了維護成本，使工廠能夠更為精確地管理生產設備，全面提升了工廠自動化和遠程管理的水平，這將大大滿足歐洲製造業者對智能化生產的需求。 客製化綠能節電解決方案：鋒魁科技根據不同客戶的需求，提供個性化的真空系統設計和整合服務，專注於提高設備的能源效率，這一特點符合歐洲市場對環保和可持續發展的高標準要求。透過綠能節電方案，鋒魁的產品不僅降低了生產成本，還減少了能源消耗，這在日益重視環境保護的歐洲市場中具有顯著優勢。 鋒魁的國際佈局行動，呼應台灣半導體供應鏈向國際市場進軍的總體趨勢，也展現對全球市場需求的深刻洞察。歐洲市場的高標準和技術要求為鋒魁科技的技術創新提供了廣闊的發展空間，而捷克憑藉其區位優勢和科技實力，將成為鋒魁拓展歐洲業務的理想跳板。 隨著鋒魁在美國和歐洲市場的雙重佈局不斷推進，鋒魁將在全球半導體供應鏈中扮演越來越重要的角色，成為台灣半導體全球化趨勢的受益者。林千惠表示，鋒魁科技將繼續加大對創新技術的投資，並與全球各地的合作夥伴緊密合作，力求在競爭激烈的全球市場中保持領先地位。 鋒魁科技總經理林千惠（前排右四）日前受新東向聯盟（TeaLa）邀請參加台灣半導體產業考察團，前往捷克進行深入考察。圖／業者提供 $(document).ready(function () {nstockStoryStockInfo();});",['https://pgw.udn.com.tw/gw/photo.php?u=https://uc.udn.com.tw/photo/2024/09/10/realtime/30476273.jpg&x=0&y=0&sw=0&sh=0&sl=W&fw=1050&exp=3600&exp=3600']
56128217702,蘋果新機亮相 法人看好台積電、日月光等供應鏈受惠,2024/09/10 08:58:06,經濟日報 記者周克威／台北即時報導,"http://b.scorecardresearch.com/p?c1=2&c2=7390954&cv=2.0&cj=1蘋果iPhone 16全系列導入Apple全新設計的A18系列晶片。(記者黃筱晴／攝影)
蘋果發表iPhone 16等新品，在新訂單貢獻下，市場看好供應鏈下半年業績優於上半年，包括台積電 （2330） 、新進供應鏈的聯詠 （3034） 、日月光投控 （3711） 、精材 （3374） 等，營運將受惠。 法人機構表示，蘋果iPhone 16全系列導入Apple全新設計的A18系列晶片，iPhone 16、iPhone 16 Plus使用A18晶片；iPhone 16 Pro、iPhone 16 Pro Max則採用A18 Pro晶片。蘋果為第一家大量採用台積電N3投片客戶，因此A18與A18 Pro晶片皆延續使用台積電第二代N3P製程，都內建6核心CPU與16核心神經網路引擎，主要差別為A18配備5核心GPU；A18 Pro則配備6核心GPU。 iPhone 16全系列導入蘋果全新設計的A18系列晶片，採用台積電第二代N3 製程和後段先進封測，因此除台積電外，台積電子公司精材也有相關訂單，由於台積電本身先進封測產能吃緊，部份訂單將會外溢至精材，使精材營收也將會明顯成長。 另外，日月光投控與蘋果合作關係密切，主要透過旗下EMS廠環旭承接蘋果系統級封裝模組訂單，包括手機天線及WiFi模組等系統級封裝服務，已有多年供貨經驗，近幾代iPhone內部零件都可見到環旭系統級封裝模組。除iPhone外，另外蘋果穿戴裝置產品，日月光投控皆有供應，因此，預期日月光投控在下半年EMS營收明顯優於上半年。 分析師指出，蘋果此次新品的螢幕規格仍沿用OLED面板，畫素升級，聯詠將供應新iPhoneOLED驅動IC，為聯詠首度打入iPhone供應鏈，聯詠第2~3季陸續把OLED驅動IC 交給LGD，使聯詠OLED驅動IC出貨量會比上半年增加，預估上、下半年占比達4：6。另外後段封測廠頎邦 （6147） 亦將受惠。",
56128217687,中光電榮獲第六屆國家企業環保獎「銀級獎」,2024/09/10 08:49:35,經濟日報 記者李珣瑛／新竹即時報導,"http://b.scorecardresearch.com/p?c1=2&c2=7390954&cv=2.0&cj=1副總統蕭美琴（前排中）接見國家企業環保獎得主，中強光電由呂玉如副總（前排左一）代表出席。圖／中光電提供
中光電 （5371） 於9月6日在環境部舉辦的第六屆國家企業環保獎頒獎典禮上，再度勇奪「銀獎」殊榮，並首次獲得「榮譽環保企業獎」的高度肯定。中強光電憑藉卓越的環境管理與減碳作為，連續三年獲得國家企業環保獎銀獎，並於今年加碼獲得榮譽環保企業殊榮，充分彰顯公司在永續環境發展上堅定的承諾與投入。 為因應全球淨零碳排趨勢，中強光電全面展開碳管理措施，並積極響應國內外倡議及氣候組織。公司自2020年導入TCFD架構，並於2023年發佈氣候相關財務揭露報告，識別氣候風險與機會，制定低碳策略，並主動填覆2023 CDP問卷，獲得氣候變遷及水安全「B」管理等級，供應鏈議合評比更達到「A」領導等級。此外，今年已通過SBTi科學基礎減碳目標審核，訂定「以2021年為基準年，2032年實現溫室氣體範疇一和範疇二的絕對減量50.4%、範疇三的絕對減量30%」的減碳目標。 中強光電在節能減碳方面成效亮眼，臺灣廠區新增三座屋頂太陽能系統，裝置容量817千瓦，綠能使用量達95萬度，加上新增的33項節能措施，南科兩廠導入ESCO空調系統節能工程，並優化遠端監控設施，實現年度節電97萬度，節能率達35%，這些舉措使台灣廠區溫室氣體排放(範疇一與範疇二)較前一年度絕對減量達到18%。今年，竹南廠更成功取得集團內第一座LEED國際綠建築認證，深刻體現對永續發展的持續精進。 此外，在節水和減廢方面也取得顯著進展，不僅設置雨水和筏基水回收設施於各主要廠區，更推動多項節水措施，使臺灣廠區用水量較前一年度減少8%，用水回收率也增加到40%；在減廢方面，公司推動包裝材料回收再利用計畫，回收率高達97%，展現出公司對環境友善的堅定承諾。 中強光電將綠色產品視為企業淨零發展的基石之一，透過低耗能、輕量化和再生材料的使用來推動綠色產品。公司與品牌商合作，針對三款雷射投影機導入ISO 14067產品碳足跡盤查，並通過第三方驗證。亦連續八年自主盤查產品碳足跡，掌握產品碳排結構，優化產品設計，提升產品的永續發展競爭力。再者，為減少原物料耗用並落實循環經濟，擴大導入投影產品使用50%回收塑膠材作為機台外殼，累計使用14,838公斤回收塑料，將綠色設計理念融入產品開發，實現源頭減碳和責任生產。 除了在內部推動綠色轉型，也積極擴展企業的綠色影響力，不但連續七年認養龍鳳漁港海岸並舉辦淨灘活動，亦連續五年在世界地球日發起「關燈一小時」行動，今年共吸引了111間供應商及18所小學共同響應，共計19,117人參與。同時亦招募環保志工，舉辦了12場環境永續課程與活動，總計吸引17,272人參與，展現了企業在地球環境保護的積極貢獻。 中強光電將持續以4G力：「綠色產品」、「綠色產鏈」、「綠色生產」及「綠色生活」為核心，深耕環境永續，推動企業綠色轉型，並攜手綠色夥伴，共同努力實現淨零目標。 副總統蕭美琴（前排中）接見國家企業環保獎得主，中強光電由呂玉如副總（前排左一）代表出席。圖／中光電提供 中強光電獲頒「榮譽環保企業獎」殊榮，由呂玉如副總代表受獎。圖／中光電提供 環境部部長彭啓明頒發「國家企業環保獎」予中強光電受獎代表。圖／中光電提供 $(document).ready(function () {nstockStoryStockInfo();});","['https://pgw.udn.com.tw/gw/photo.php?u=https://uc.udn.com.tw/photo/2024/09/10/realtime/30475989.jpg&x=0&y=0&sw=0&sh=0&sl=W&fw=1050&exp=3600&exp=3600', 'https://pgw.udn.com.tw/gw/photo.php?u=https://uc.udn.com.tw/photo/2024/09/10/realtime/30475990.jpg&x=0&y=0&sw=0&sh=0&sl=W&fw=1050&exp=3600&exp=3600', 'https://pgw.udn.com.tw/gw/photo.php?u=https://uc.udn.com.tw/photo/2024/09/10/realtime/30475991.jpg&x=0&y=0&sw=0&sh=0&sl=W&fw=1050&exp=3600&exp=3600']"
56128217680,獨家／上市 PCB 廠競國台灣廠驚傳12月關廠 通知客戶,2024/09/10 08:40:45,經濟日報 記者尹慧中/台北即時報導,"http://b.scorecardresearch.com/p?c1=2&c2=7390954&cv=2.0&cj=1上市PCB廠商競國日前出售泰國廠給予陸資廠勝宏科技後，近日驚傳台灣廠驚傳12月前關廠，並對客戶發布通知預告客戶轉移生產。PCB示意圖。（聯合報系資料庫）
上市PCB廠商競國 （6108） 日前出售泰國廠給予陸資廠勝宏科技後，近日驚傳台灣廠驚傳12月前關廠，並對客戶發布通知預告客戶轉移生產，最後出貨日期2024年12月25日。至於後續台灣廠400名員工安排等細節不明。 對於相關台灣廠關廠議題，記者本週多次致電競國發言管道沒有取得回應，今日並再次於上班時間致電公司，尚待公司回應。 本報記者收到爆料，競國發布台灣廠關廠通知給予客戶。業界則分別證實，競國在處分泰國廠後，台灣廠也預計關閉，將由大陸廠區集中生產。 不過，競國8月27日甫於交易所召開法說會，當時並未提到台灣廠將關廠，如今時隔約一週，業界就傳出競國台灣廠將熄燈，引發產業議論。 依據競國先前法說會上說明，泰國廠簽約出售預計第三季交割並認列處分利益2319萬美元。 泰國廠過往主攻車用，至於若後續台灣廠也關閉，競國將僅剩大陸昆山廠。大陸廠則主要從事記憶體用板、電池板、網通板等。 競國8月法說會簡報顯示，台灣廠員工400人，大陸昆山廠1,738人，泰國廠員工1,075人。上半年終端前五大應用為記憶體21.3%，NB約20.5%，網通12.1%，家用10.5%，汽車板9.5%。 依據讀者爆料，競國2024年9月4日發布關廠通知書提到「公司長久以來深耕於PCB等產品的生產製造，品質亦為大家認可但隨著國際情勢與貴金屬價格不斷上漲，整體市場環境不佳，原物料成本變化巨大造成本公司生產營運艱難，經過整體考量市場狀況及內部調整，故決定於2024年12月底前停止台灣廠生產。特此通告！ 1.最後接單日期2024年10月31日 2.最後出貨日期2024年12月25日 請貴公司先行規劃移轉生產，對於可能造成不便利之處深成歉意，本公司亦承諾將盡全力減少此過度期間造成之影響。」 本報記者接獲讀者爆料競國發布台灣關廠通知給予客戶。記者尹慧中攝影 $(document).ready(function () {nstockStoryStockInfo();});",['https://pgw.udn.com.tw/gw/photo.php?u=https://uc.udn.com.tw/photo/2024/09/10/realtime/30475968.jpg&x=0&y=0&sw=0&sh=0&sl=W&fw=1050&exp=3600&exp=3600']
56128217344,碳費費率六年倍增 考驗產業界,2024/09/10 02:43:52,經濟日報 記者邱琮皓／台北報導,"http://b.scorecardresearch.com/p?c1=2&c2=7390954&cv=2.0&cj=1台灣討論碳費費率至少兩年有餘，如今端出起徵費率300元至500元，並喊出2030年後，費率就要一舉提高到1,200元至1,800元，短短六年間，費率就要增至二倍以上，考驗產業界的接受程度與適應力。 若借鏡他山之石，與台灣制度最相近的是課徵碳稅的新加坡。新加坡早在2019年開始課徵碳稅，起徵稅率每噸5星元（約新台幣123元），持續到2023年，自2024年才調升至每噸25星元（約新台幣614元），並規劃2026年調升至45星元（約新台幣1,106元），2030年並以50星元（約新台幣1,230元）至80星元（約新台幣1,966元）為目標。 換言之，觀察新加坡實施碳稅制度，最低稅率至少維持了五年，等於有了五年緩衝期；台灣啟動碳費制度，著重調和各方意見，但過了許久後，起徵費率300元起跳，起步已經慢了，又要趕在2030年後，與新加坡切齊標準，在追求國際競爭力的同時，如何讓產業能夠順利接軌，將是一大考驗。 產業界認為，碳費制度在六年內費率翻倍，雖然對標新加坡水準，但還要觀察各國相關配套措施，台灣也要有所對應，才能保全台灣國際競爭力。 另外以南韓為例，排放交易價格約216.5元，由於業者可獲得免費核配比例為九成，代表廠商只需要付一成，等於產業實際付出費率為每噸21.6元；至於新加坡每噸碳稅為600元，但會根據廠商提出的減量計畫給予直接減免。 $(document).ready(function () {nstockStoryStockInfo();});",
56128217347,台版CBAM 石化水泥聲聲催,2024/09/10 02:42:53,經濟日報 記者謝柏宏、尹慧中／台北報導,http://b.scorecardresearch.com/p?c1=2&c2=7390954&cv=2.0&cj=1環境部昨（9）日召開第五次碳費費率審議會，起徵費率區間建議落在300至500元，對此國內石化及水泥業者昨日表示，徵收碳費對業者很痛苦，但一定全力配合政府碳費政策，呼籲政府考慮本土與國際業者公平性，希望「台版碳邊境調整機制（CBAM）」應儘快推出，讓進口水泥也要課碳費。 石化公會指出，台灣的石化業真的很困難，區域貿易協定一項一項被取消，FTA覆蓋率低，不像資通訊產業在WTO下有免稅協定。石化原料銷台少，都是外銷，現在碳費將開徵，成本增加，產品價格上揚，下游業者就會找其他國家進口。石化原料除了中國大陸，其他地方也一直產出，公會也跟環境部建議要參考國際，要有公平性，像歐盟有核配制度。 石化公會說明，碳費徵收對產業來說很痛苦，客戶會找有區域全面經濟夥伴協定（RCEP）等如墨西哥地方進口。但石化業者只能盡量配合。 水泥業者也表示，針對政府將課碳費，國內水泥業者雖然很辛苦，但一定會全力配合，只不過除了本土水泥業要交碳費外，呼籲政府應儘快推「台版CBAM」上路，讓進口水泥業也須繳交碳費，避免造成不公平貿易競爭。 將是碳費徵收對象的晶圓代工龍頭台積電 （2330） 表示，將遵循法規及公告的實施辦法，預計對財務應不致造成影響。 $(document).ready(function () {nstockStoryStockInfo();});,
56128217337,台積電先進製程再添戰力 下世代 EUV 設備...本月進駐,2024/09/10 02:34:10,經濟日報 記者尹慧中／台北報導,"http://b.scorecardresearch.com/p?c1=2&c2=7390954&cv=2.0&cj=1台積電。 路透
業界傳出，台積電 （2330） 首台下世代高數值孔徑極紫外光微影設備（High-NA EUV）本月將進機，持續領先三星的交機進度，有助台積電持續衝刺新世代先進製程。 對於相關傳聞，艾司摩爾昨（9）日不評論單一客戶。台積電不回應市場傳聞。 業界盛傳，台積電首台High-NA EUV本月將進機，預計移入台積電全球研發中心，作為研發使用，進而應對後續A14等先進製程開發需求。 至於價格方面，外傳台積電總裁魏哲家親自出馬議價有成，在購買新機配售舊款產品之下，整體報價估可減少近二成。 據了解，高數值孔徑極紫外光微影設備報價逾4億歐元，因光鏡頭鏡片無法分拆入廠，高度比一間會議室還高、長度也遠超前一代設備，因規格特殊且精密，恐須機場或港口聯通的高速公路交管或特定路線於深夜運送入廠，以避免交通不順。 據統計，台積電目前是全球最大極紫外光微影系統設備持有者，估計占全球EUV晶圓設備產出65%，也是率先將EUV設備導入7奈米製程的廠商。 艾司摩爾已獲得所有極紫外光微影（EUV）設備客戶下單下世代產品。ASML High NA EUV產品管理副總裁Greet Storms日前受訪提到，「ASML持續推進新的技術，並獲得每個EUV客戶在研發階段青睞，這些也都是我們High-NA客戶，也都有下單給我們，2026年希望是往量產方向推進」，不過仍看客戶製程成本等總體考量。 艾司摩爾先前曾證實，今年底前將向台積電交付最新的High-NA EUV。艾司摩爾強調，下世代極紫外光微影設備已於去年底開始陸續出貨，產能預計每小時可曝光超過185片晶圓，將支援2奈米以下邏輯晶片及具有相似電晶體密度的記憶體晶片量產。",
56128217356,華為「三折機」黃牛炒到27萬元 富世達、兆利等台鏈利多,2024/09/10 02:06:09,經濟日報 記者陳昱翔、謝柏宏／台北報導,"http://b.scorecardresearch.com/p?c1=2&c2=7390954&cv=2.0&cj=1華為今天下午將舉辦新品發表會，最受矚目的全球首款三折機「Mate XT」日前無預警開放「盲購」，在沒有正式售價及產品規格下，短短三天吸引超過300萬人預購。（翻攝華為官網）
華為今天下午將舉辦新品發表會，最受矚目的全球首款三折機「Mate XT」日前無預警開放「盲購」，在沒有正式售價及產品規格下，短短三天吸引超過300萬人預購，由於人氣爆棚，傳出當地黃牛喊出加價兩倍、以人民幣6萬元（約新台幣27萬元）搶購，有望讓Mate XT成為近年來地表最高貴、搶購最凶的智慧手機。 Mate XT盲購熱潮盛況空前，市場看好相關零組件供應商出貨動能跟著旺，新機軸承獨家供應商富世達昨（9）日不畏大盤重挫，直奔漲停價751元收市，並帶動兆利 （3548） 、新日興 （3376） 、信錦 （1582） 等軸承廠同步逆勢收紅。 不僅軸承族群買氣強勁，友輝、南寶、新纖、材料-KY等上市櫃公司也正積極搶攻折疊手機商機，供應新世代「可撓式（折疊）手機」面板、背板、光學薄膜等，法人看好將陸續成為華為、小米、OPPO等品牌大廠折疊機零件供應商，有望雨露均霑。 華為在今天下午的新品發表會端出Mate XT，並揭露新機詳細規格與售價。 市場對這支全球首款三折機高度關注，根據外電報導，Mate XT硬體規格可能搭載16GB的RAM、容量分為512GB與1TB版本，螢幕全數展開可達10吋，鏡頭則是5,000萬像素、五倍光學變焦及1,300萬像素超廣角鏡頭，核心晶片則搭載華為自家麒麟9系列晶片，防塵等級為IPX8。 據了解，Mate XT官方定價約人民幣1.5萬元（約新台幣6.76萬元）起跳，最高規機種售價可能超過人民幣2萬元（約新台幣9萬元），被譽為「電子茅台」，但盲購人氣依舊火熱，傳出有黃牛喊出加價至人民幣6萬元（約新台幣27萬元），比最高規機種多兩倍。",
56128217359,彭博：i16難掀換機潮,2024/09/10 02:01:49,經濟日報 編譯劉忠勇、陳律安／綜合外電,http://b.scorecardresearch.com/p?c1=2&c2=7390954&cv=2.0&cj=1外界普遍看好蘋果iPhone 16系列新機銷售之際，彭博記者葛曼（Mark Gurman）提出Apple Intelligence功能尚未成熟、新機還不能在歐盟和中國大陸市場推出、消費者還未能明白AI的好處等三個論點，直言iPhone 16系列新機不會帶起換機超級周期。 葛曼認為，今年不太可能出現超級換機潮，因為總經因素作祟；中國大陸智慧手機市場仍然疲軟，且全球很多消費者都在緊縮支出。 更大的問題可能歸結於技術本身；尤其新iPhone的外觀幾乎與去年機型沒兩樣，固然會有一些小幅的相機升級和其他功能，但要刺激消費者升級，就非得有全新設計不可，只是今年不會看到這類變化。 $(document).ready(function () {nstockStoryStockInfo();});,
56128217360,鴻海攻智慧城 軟硬進擊,2024/09/10 01:55:56,經濟日報 記者蕭君暉／台北報導,http://b.scorecardresearch.com/p?c1=2&c2=7390954&cv=2.0&cj=1鴻海 （2317） 攜手高雄市政府打造的智慧城市落地，以旗下電動巴士（ Model T）為應用的交通軟體服務「iBus+ App」正式上線，提供八大應用服務。 在鴻海的協助下，高雄市智慧交通軟體服務從電子化邁向數位化，再到AI 化，未來將推廣到其他城市與海外，目標是打造智慧城市的整城輸出方案。 鴻海打造智慧城市解決方案，不僅透過電動巴士的普及化，來協助前端資訊的收集與推廣應用服務，也打造後端的行控中心，可以說是包含硬體、軟體與服務的整體解決方案，透過軟硬進擊的方式，搶進智慧城市商機。 鴻海董事長劉揚偉認為，台灣硬體產業很厲害，但產官學研要有「軟體為主，硬體為輔」策略，為台灣下一代打造更好的空間。例如打造頂層的智慧城市，把許多領域與應用利用AI串聯，提供市民各項便利服務，形成一種商業模式帶動軟體產業發展。 鴻海去年4月和高雄市政府簽署投資意向書，規劃智慧城市完整解決方案。鴻海以系統整合商角色，憑藉智慧城市平台CityGPT為基礎，組織智慧城市大聯盟，支持所有方案商，加速建構城市數位化及智慧化服務。 CityGPT是以MODEL T做為移動物聯網的載具，蒐集所有城市數據，再同步到智慧城市開放大平台和方案商共享，以App Store的概念，串聯智慧交通、智慧觀光，以及一系列的食衣住行等多項服務。 $(document).ready(function () {nstockStoryStockInfo();});,
56128217268,長榮、陽明8月績優營收倍增 關注美東、德國碼頭勞資談判,2024/09/10 01:23:18,經濟日報 記者黃淑惠／台北報導,"http://b.scorecardresearch.com/p?c1=2&c2=7390954&cv=2.0&cj=1貨櫃雙雄長榮、陽明昨（9）日公布8月營收，同步交出不俗的成績單。（路透）
貨櫃雙雄長榮 （2603） 、陽明 （2609） 昨（9）日公布8月營收，同步交出不俗的成績單，長榮單月營收537.59億元，年增115.74%；陽明單月營收257.6億元，年增110.51%。 由於歐洲線8月運價較7月下滑近兩成，長榮8月營收，呈現月減1.17%；陽明則逆勢月增1.19%。 陽明認為，美東碼頭勞資談判暫無實質進展，德國碼頭勞資協商持續進行，仍有罷工風險，必須要持續觀察變化及碼頭作業動態審慎應對。業內指出，海運供應鏈仍脆弱，一旦罷工，將推升運價再度向上。 長榮、陽明8月營收概況 長榮8月營收略比7月下滑，主要是即期市場運價依不同航線約下降約一到二成，但對整體8月營收表現而言，受到影響不大；8月單月合併營收537.59億元，較上個月減少6.38億元，減少幅度為1.17%，然較去年同期增加288.41億元，增幅115.74％。長榮累計前八個合併營收達3,031.23億元，較去年同期增加1,205.7億元，年增率達66.05%。 陽明8月單月營收為257.6億元，較7月營收增加3.02億元，增幅為1.19%，較去年同期營收增加135.23億元，增幅為110.51%；累計前八個月營收為1,476.09億元，較去年同期營收956.93億元，增幅為54.25%。 根據Alphaliner統計，扣除塢修船舶數量，截至今年8月26日船舶閒置率仍處於低點，全球僅0.7%、約21.2萬TEU（20呎櫃）貨櫃船屬於純閒置狀態，且部分重要港口偶有塞港議題，加上航線繞道影響，整體船噸供給仍緊張。而歐、美及加拿大與中國之間貿易壁壘、地緣政治風險持續，全球經貿發展仍存在諸多不確定性。 法人分析，貨櫃輪8月運價受到大陸出口貨量需求的速度趨緩慢，運價全面走跌，上海集裝箱出口（SCFI）運價指數8月跌幅為14%，遠東到東及美西每FEU（40呎櫃）月跌幅分別為7.8%及11.7%；遠東到歐洲運價每TEU跌幅都達兩成，不過仍處於相對高檔。 美國降息正在醞釀中，有望推升全球經濟貿易量持續增溫，市場貨量也會跟著增加；至於船舶供給量也會開始放緩，明年新船交船數量開始下滑，約較今年減少近半；只要中東地緣問題無解，依舊會對於脆弱貨櫃輪供應鏈帶來衝擊，第4季有望維持高運價，長榮、陽明有望維持高營收、高獲利的表現。",['https://pgw.udn.com.tw/gw/photo.php?u=https://uc.udn.com.tw/photo/2024/09/10/2/30474978.jpg&x=0&y=0&sw=0&sh=0&sl=W&fw=500&exp=3600&exp=3600']
Source_id,Title,Time,Author,Content,Other_picture
56128218071,"iPhone 16 亮相 郭明錤提前上修今年出貨上看8,900萬支",2024/09/10 11:10:12,經濟日報 記者楊伶雯／台北即時報導,"http://b.scorecardresearch.com/p?c1=2&c2=7390954&cv=2.0&cj=1蘋果秋季發表會。圖／蘋果提供
蘋果秋季發表會登場，iPhone 16系列正式亮相，趕在發表會前，天風國際證券分析師郭明錤提前上修今年iPhone 16系列出貨預估，由原預估的8,700~8,800萬支微調至8,800~8,900萬支，他表示，加單主要來自iPhone 16標準版。 蘋果發表iPhone 16系列產品，新款iPhone 16螢幕大小為6.1英寸，iPhone 16 Plus為6.7英寸，都具備可自定義的功能按鈕，及全新的「相機控制」按鈕，可一鍵快速進入相機功能；iPhone 16和iPhone 16 Plus在美國的起售價格分別為799美元和899美元，台灣起售價則分別落在台幣29,900元，與台幣32,900元。 蘋果也同步發表iPhone 16 Pro和iPhone 16 Pro Max兩款螢幕更大、效能更強的新機；前者擁有6.3吋的顯示幕，後者螢幕尺寸更高達6.9吋，顏色包括黑色鈦金屬、原色鈦金屬、白色鈦金屬和新色沙漠鈦金屬；iPhone 16 Pro的起售價為999美元，Pro Max為1,199美元；在台灣的起售價分別落在台幣36,900元與台幣44,900元。 趕在蘋果發表會前，郭明錤發表最新的預估，更新iPhone 16系列生產資料及今年第3季、第4季、明年第1季的出貨計畫、 EMS的訂單比重等；郭明錤預估，iPhone 16標準版、iPhone 16 Plus、iPhone 16 Pro與iPhone 16 Pro Max占今年iPhone 16系列出貨分別約26%、6%、30%與38%。 郭明錤表示，根據新產品發佈時間，可推測Apple為iPhone 16預購準備約1,500~1,700萬支，預估iPhone 16系列相較去去年的iPhone 15系列，在第3季出貨約成長10% ，原因並非iPhone 16系列需求較強，而是賣最好的iPhone 15 Pro Max因潛望鏡生產初期良率低，去年第3季出貨動能較弱所造成。 郭明錤預估，iPhone 16系列第4季出貨量約6,300萬支，相較iPhone 15系列年減5~7%； iPhone 16系列明年第1季出貨顯著季減53~55%，主因進入淡季且來自新款iPhone SE4潛在替代效應。 郭明錤指出，嚴格來說，現在iPhone EMS只有鴻海跟立訊，自今年7月開始，立訊已是和碩iPhone製造事業的最大股東；鴻海與立訊的iPhone 16系列訂單生產比重分別為55~60%與40~45%。 郭明錤強調，iPhone 16系列的預購結果可能會改變今年第4季後半與明年上半年的生產計畫，為接下來的追蹤重點。",
56128218048,半導體業超高薪職務出爐 連下游國內業務月薪都有近6萬,2024/09/10 11:03:32,經濟日報 記者葉卉軒／台北即時報導,"http://b.scorecardresearch.com/p?c1=2&c2=7390954&cv=2.0&cj=1AI熱潮爆發，明顯帶動半導體薪資成長。104人力銀行10日發布最新資料顯示，觀察近10年20萬筆半導體產業求職會員薪資，2024年平均月薪5.9萬。 圖／聯合報系資料照片
AI熱潮爆發，明顯帶動半導體薪資成長。104人力銀行10日發布最新資料顯示，觀察近10年20萬筆半導體產業求職會員薪資，2024年平均月薪5.9萬，在63個產業中，僅次於電腦及消費性電子製造業、排行全產業第二。 若依地區，北部半導體平均月薪突破6萬、中南部逾5萬；依職務，上游產業的類比IC設計工程師平均月薪逾10萬，下游產業的國內業務平均月薪5.8萬，擠進下游產業的前五大高薪職務，也為非理工科系最有機會切入的半導體高薪職務。 104人力銀行大數據顯示，2024年半導體平均月薪5.9萬，年增幅4.6%，高於去年增幅2.8%，2024年半導體景氣回溫加上AI帶動產業應用發展，企業留才攬才更願意提升從業人員薪資；看長期，近五年半導體業薪資增幅15%，居五大高薪產業（電腦及消費性電子製造、鞋類/紡織製品製造、投資理財、軟體網路業）的最大增幅，顯見半導體產業依舊為近年台灣經濟的重要支柱。 此外，104人力銀行大數據還顯示，2024年半導體各地區平均月薪，北部6.2萬最高，中部5.3萬，南部5.4萬；各區增幅，受惠於2023年南科產值超越竹科，南部半導體薪資年增幅5.5%居各區之冠。 至於在半導體產業鏈上中下游的15個高薪職務中，有14個為工程師，以上游類比IC設計工程師平均月薪10.4萬最高，在上、中游從事類比或數位IC設計職務，薪資可達9.2萬以上；演算法開發工程師薪資9.2萬，與2023年平均月薪8.4萬相比，薪資成長近10%；唯一非工程師的職務為下游國內業務，薪資5.8萬，是非理工科系投入半導體爭取高薪的切入點。 半導體上中下游前五大高薪職務。 圖／104人力銀行提供 $(document).ready(function () {nstockStoryStockInfo();});",['https://pgw.udn.com.tw/gw/photo.php?u=https://uc.udn.com.tw/photo/2024/09/10/realtime/30477043.png&x=0&y=0&sw=0&sh=0&sl=W&fw=1050&exp=3600&exp=3600']
56128218004,iPhone 16來了 遠傳同步 Apple 官網 13日開放預購　,2024/09/10 10:49:08,經濟日報 記者黃晶琳／台北即時報導,http://b.scorecardresearch.com/p?c1=2&c2=7390954&cv=2.0&cj=1蘋果iPhone16系列於台灣時間10日凌晨正式發表，今年預計推出包含iPhone 16、iPhone 16 Plus、iPhone 16 Pro、iPhone 16 1Pro Max 4款全新機型，預料將再掀起年度換機熱潮，遠傳電信宣布，同步Apple官網，於9月13日晚上8時起開放預購，遠傳也從今日上午11時起，推出限時24小時快閃調查，只需線上完成今年最愛iPhone 16機款問卷，就有機會獲得最新iPhone16。 遠傳電信資深副總趙憶南表示，這次iPhone 16系列價格不變，在硬體規格上提升還超有感，且未來將陸續新增多項Apple Intelligence功能，讓使用者在日常生活中能夠享受到更智慧、更便捷的使用體驗，預計將會再掀起一波年度換機大熱潮，帶動4G升級5G的需求，且過往遠傳iPhone新機到貨比市場充足，可以滿足客戶需求。全新款iPhone、搭配遠傳優質的網路、超強最新功能，三個願望一次全滿足，才是最完美的體驗。遠傳在5G網路的優勢，包含經國際機構認證的世界級網速，以及合併亞太後擁有的業界最大5G頻寬，會是消費者使用iPhone的最佳拍檔。 全新iPhone 16全面使用A18晶片處理器，iPhone 16 Pro/Pro Max則搭載A18 Pro晶片，全面支援 「Apple Intelligence」AI功能，強力驅動新一代的相機功能，而超高能源效率讓電池續航力更持久。iPhone 16全系列搭載48MP主相機，並新增「Capture Button相機控制鍵」全新設計，橫向模式拍照時更便利，可按壓或滑動來啟動不同功能，如拍照、拍片，取景時半按亦可打開新選頂介面，讓拍攝更精準。 同時，iPhone 16 Pro 系列，沿用鈦金屬設計，並帶來四大配色，其中全新「沙漠色鈦金屬」暖色調配色，特別引人矚目；而iPhone 16採用鋁金屬機身，除基本色白色、黑色外，還有「湛海藍」、「湖水綠」和「粉紅」三種新配色。今年新機更迎來史上最大螢幕，iPhone 16 Pro升級更大的 6.3 吋螢幕（原本6.1 吋），而 iPhone 16 Pro Max 螢幕則將增至 6.9 吋（原本6.7 吋），適合愛看影片和玩遊戲的用戶。 $(document).ready(function () {nstockStoryStockInfo();});,
56128218002,獨家／仁寶「調薪」開獎！「2部分」全員都有、幅度曝光,2024/09/10 10:48:30,經濟日報 記者吳康瑋／台北即時報導,"http://b.scorecardresearch.com/p?c1=2&c2=7390954&cv=2.0&cj=1仁寶。記者吳康瑋／攝影
國內每家科技大廠的「調薪時間」及「調薪幅度」幾乎都不太一樣，而近年積極朝AI伺服器市場發展的代工大廠仁寶 （2324） 則傳出已於10日啟動「全員調薪」的消息，並且調整完成的薪資，也已完成入帳。面對調薪傳聞，發言體系也向《經濟日報》證實，仁寶調薪的時間一般都是在9月左右，並且可分為全公司2-4%的固定調薪、以及不同部門不同比例的個人績效，共計兩個部分。 科技業工作壓力普遍高於一般上班族，且因工時較長、也常被外界冠上「爆肝」一詞來形容，不過長時間的付出，也讓從事科技業的人才，擁有相對誘人的薪資水準。一般而言，科技大廠年終加底薪、最少都至少可以領到14-15個月的薪資水準，不過業內人士透露，真正的看點在於每年發放的「分紅獎金」以及「調薪水準」，惟有上調自己的基礎薪資，才能真正讓人有感。 仁寶一向將每位員工視為家人，除了所有員工薪資都以「同工同酬」及工作績效為核給原則，依個人學歷、經歷及賦予的職等、職稱與工作性質核給不同薪資外，還會依年度獲利狀況給予員工利潤分紅，每年全員更享有固定調薪，以及資深員工獎金。發言體系坦言，公司相當重視人才培育與員工福利，並堅持一定要與員工分享經營成果，每位員工依照工作表現，平時就可領到績效、分紅獎金，以及穩定的調薪。 根據仁寶官網揭露的薪資福利資訊顯示，集團所有員工的薪資報酬，原則上都包含12個月薪資、年中獎金等部分，並依據公司經營成果及員工個人績效發給年終獎金及調整薪資2~4%。而依公司章程規定，團隊每年度如有獲利，應以扣除員工酬勞及董事酬勞前之本期稅前淨利，提撥不低於2%為員工酬勞，上述獎金、調整薪資及員工酬勞均提報薪資報酬委員會審議及董事會議決。 據內部人士透露，除了每個人都享有的固定調整2%-4%之外，最終實際的調薪幅度，也受到「年資/考績」很大程度的影響，並且還需要考量不同「級職」的區別，而個人考績也代表自己去年一整年當中，付出一切努力所獲得的成果，多劃分為「A、B、C」三個等地，因此幾乎所有人的調薪幅度都各有不同，此外若是級職上獲得升職，月薪就會上調10%左右，因此個人平時的努力付出，仍然是非常的重要。 $(document).ready(function () {nstockStoryStockInfo();});",
56128217993,iPhone 16秀 AI 效能 分析師：鴻海組裝占比拚6成,2024/09/10 10:45:32,中央社 記者鍾榮峰台北10日電,"http://b.scorecardresearch.com/p?c1=2&c2=7390954&cv=2.0&cj=1鴻海集團。記者吳康瑋／攝影
蘋果（Apple）今天推出內建人工智慧（AI）功能的iPhone 16手機系列，分析師預估，今年iPhone 16系列出貨量上看8900萬支，其中iPhone 16 Pro和Pro Max高階版占比達68%，鴻海仍是最大組裝代工廠，生產比重上看6成。 蘋果今天發表新一代iPhone 16智慧型手機系列，包括iPhone 16、iPhone 16 Plus、iPhone 16 Pro、 iPhone 16Pro Max，首度整合自行研發的智慧系統AppleIntelligence。 展望iPhone 16系列出貨進展，天風國際證券分析師郭明錤9日預估，iPhone 16系列8月與9月出貨分別約900萬支與1600萬支，今年出貨量可從原先預期的8700萬支至8800萬支，微幅上修至8800萬支至8900萬支，主要是iPhone 16小幅增加訂單。 從出貨比重來看，郭明錤預估，iPhone 16出貨占比約26%，iPhone 16 Pro占比約30%，iPhone 16 Pro Max占比約38%。 觀察iPhone 16系列組裝代工供應鏈，郭明錤表示，鴻海仍是組裝代工最大供應商，預期生產比重約55%至60%。 美系法人日前評估，鴻海占整體iPhone 16系列組裝代工比重約60%，iPhone 16 Pro系列旗艦機種出貨占比超過50%。 鴻海日前表示，最近幾個月包括手機和其他產品旺季活動準備如常，下半年旺季期間營運將逐漸加溫，預期第3季營運可季增及年增，目前能見度更佳。 $(document).ready(function () {nstockStoryStockInfo();});",
56128217990,家登8月營收創同期新高 全年挑戰高峰,2024/09/10 10:45:30,中央社 記者張建中新竹10日電,http://b.scorecardresearch.com/p?c1=2&c2=7390954&cv=2.0&cj=1家登自結8月營收新台幣6.46億元，月增約1.2%，年增45%，並創同期新高；累計前8月營收44.61億元，年增38%。家登預期，今年總營收可望挑戰新高。 家登表示，下半年旺季營運動能強勁，在半導體先進製程及人工智慧（AI）熱潮下，旗下光罩和晶圓載具出貨暢旺，是業績成長主要動能。 展望未來，家登指出，高數值孔徑極紫外光（High-NA EUV）光罩盒需求量將持續增長，晶圓載具市占率也將不斷攀升。 此外，航太領域布局將開花結果，家登表示，CoWoS先進封裝方案及浸潤式散熱技術也將注入成長動能，預期2025年集團營收將挑戰100億元大關。 $(document).ready(function () {nstockStoryStockInfo();});,
56128217960,台虎十年 隨10起航,2024/09/10 10:35:34,經濟日報 記者黃淑惠／台北即時報導,http://b.scorecardresearch.com/p?c1=2&c2=7390954&cv=2.0&cj=1「台虎十年、隨10起航」今「2024年」9月26日正式迎來開航10週年的台灣虎航，10日宣布將於9月份推出一系列的週年慶活動，活動內容包括天天簽到10在好賺、玩IG濾鏡抽虎禮、實體快閃活動抽10張機票等，送好送滿的各種優惠好康，準備和虎迷們一起歡慶整個9月。 首波主打推出「天天簽到10在好賺」和「玩IG濾鏡抽虎禮」活動，邀請虎迷們一起來慶生倒數！「天天簽到10在好賺」活動時間自2024年9月12日10:00 起至 2024年9月21日晚間23:59止，凡具備tigerclub 會員資格者，皆可於活動期間至指定活動網頁登錄會員相關資料，並參加每日問答，答對者即可進行當日簽到。 在10天之活動期間，只要簽到日累積滿5天者即可獲得300元回饋金，滿8天者可獲得500元回饋金，滿10天者可獲得 999元回饋金。而「玩IG濾鏡抽虎禮」則是兩人一組玩濾鏡默契大考驗，即日起至2024年9月26日晚間23:59止期間，把遊戲結果截圖上傳至台灣虎航官方粉絲團的活動貼文留言處，就有機會獲得精選好禮。同時，虎禮選平台也推出多種台灣虎航logo新商品，以滿滿的活力設計來陪伴虎迷的每一趟旅程。 實體的熱血活動當然也不能少，將號召虎迷們於2024年9月25日到指定快閃地點集合，當天預計抽出2024年9月26日限定出發之限定航點來回機票共計10張。 另外，為答謝虎迷們一路以來的支持，同步推出為期一年的「尊榮虎搭10送1」獎勵計畫。凡為台灣虎航tigerclub會員，於2024年1月1日至2025年9月25日止，會員記錄中完成搭乘台灣虎航任一航班且累計滿10趟次(即10個單程，如記錄中為1組來回機票，會直接判定為2趟次)，即可獲贈1組機票兌換序號；累計滿20趟次，即可獲贈2組機票兌換序號，依此類推；以感謝虎迷們的支持。 台灣虎航自2014年9月26日開航第一條航線以來，目前共飛航日本、韓國、澳門、泰國及越南等地區，更是飛航日本、韓國最多航點的國籍航空。,
56128217916,綠能、半導體擴廠 第2季製造業增購固定資產年增13%,2024/09/10 10:21:16,中央社 記者劉千綾台北10日電,http://b.scorecardresearch.com/p?c1=2&c2=7390954&cv=2.0&cj=1在半導體擴廠動能、綠能及電力工程推展挹注下，經濟部統計處表示，113年第2季製造業國內固定資產增購達新台幣4822億元，年增13.1%，結束連續5季負成長，以電子零組件業增購3276億元為最大宗。 經濟部統計處今天發布113年第2季製造業投資及營運概況調查統計，依照固定資產型態區分，113年第2季以機械及雜項設備增購占80.1%最多，年增15.7%；其次為房屋及營建工程占19.1%，年增2.7%。 就行業別觀察，電子零組件業第2季固定資產增購3276億元，占製造業67.9%居各業之冠，年增26.3%，主因半導體廠商因應AI商機與新興科技等應用強勁需求，加速擴充先進製程與高階封測產能。 由於去年比較基期較高等因素，化學材料及肥料業增購208億元，年減27.5%；石油及煤製品業增購166億元，年減22.5%。在減碳趨勢下，鋼鐵大廠持續投入環保改善工程及汰換設備，推升基本金屬業增購124億元，年增3%。 電腦電子產品及光學製品業方面，增購114億元，年減9.9%，主因去年同期部分廠商因應網通、伺服器等需求成長，擴建廠房及產能，相關資本支出較高所致。 電力設備及配備業增購112億元，年增73.5%。統計處說明，主因為應綠能、強韌電網及電力系統改善工程等需求，相關電池及電力設備廠商擴增產能。 此外，半導體設備、自動化需求增溫，相關業者擴建廠房及產線因應，推升機械設備業增購98億元，年增9.5%。 營收方面，在人工智慧、高效能運算及雲端服務商機持續拓展挹注下，113年第2季製造業營業收入（含海外生產之收入）8兆302億元，季增8.9%，年增8.1%，結束連續6季負成長。 展望未來，統計處表示，半導體供應鏈為維持技術領先優勢，持續擴充高階產能，以及全球終端商品需求改善，有利帶動企業投資意願回升，加以淨零轉型及產業自動化、數位化投資趨勢延續，均可望挹注製造業投資動能；但全球經濟成長表現續受主要國家利率政策發展、美中科技爭端及地緣政治風險等不確定因素干擾，仍需持續關注並審慎因應。 $(document).ready(function () {nstockStoryStockInfo();});,
56128217836,iPhone 16內建AI功能 蘋概股早盤表現平淡,2024/09/10 10:00:39,中央社 記者鍾榮峰台北10日電,http://b.scorecardresearch.com/p?c1=2&c2=7390954&cv=2.0&cj=1蘋果（Apple）今天推出內建人工智慧（AI）功能的iPhone 16系列手機，大部分蘋果概念股今天早盤表現平淡，台積電早盤持穩，台達電、日月光投控勁揚，鴻海、和碩守平盤。 蘋果今天發表新一代iPhone 16系列智慧型手機，包括iPhone 16、iPhone 16 Plus、iPhone 16 Pro、 iPhone 16Pro Max，首度整合自行研發的智慧系統AppleIntelligence。新機內建A18晶片，其中iPhone 16 Pro系列搭載A18 Pro晶片，均可實現更快的AI效能。 不過iPhone新品發布並未激勵蘋概股表現，早盤股價淡定，主要組裝代工夥伴鴻海在平盤172元附近整理，和碩維持平盤100元，鏡頭廠商玉晶光小漲、大立光開高走低翻黑。機殼廠可成和鴻準、面板驅動晶片封測供應商頎邦小漲，石英元件廠晶技跌1.3%。 A18晶片晶圓代工龍頭台積電早盤重返900元大關，來到906元，小漲0.78%。電源供應商台達電早盤漲1.5%。系統級封裝（SiP）供應商日月光投控早盤勁揚近2.5%。被動元件廠國巨小漲。 市場人士評估，A18晶片採用台積電3奈米高階晶圓製程製造；大立光和玉晶光是iPhone 16系列潛望式鏡頭主要供應商。 此外，IC載板廠景碩、南電、欣興、印刷電路板供應商臻鼎-KY、華通、砷化鎵廠穩懋等，市場預期也持續切入iPhone 16系列供應鏈。 $(document).ready(function () {nstockStoryStockInfo();});,
56128217773,精成科技旗下ELNA馬來西亞PCB新廠今日落成 強攻伺服器,2024/09/10 09:41:29,經濟日報 特派記者李孟珊／檳城10日電,"http://b.scorecardresearch.com/p?c1=2&c2=7390954&cv=2.0&cj=1PSA精成科技旗下ELNA馬來西亞PCB新廠今日落成。記者李孟珊／攝影。
PSA華科事業群旗下精成科技 （6191） 之印刷電路板製造廠ELNA，在10日於馬來西亞檳城舉行新廠落成典禮，由PSA華科事業群董事長焦佑衡、PSA PCB事業群總經理陶正國、ELNA社長楊其荺偕同經營幹部主持。新廠第一期產能將生產30萬平方英呎，供應汽車、伺服器、網絡設備、個人運算及消費性電子產品等，隨著高品質及先進PCB需求日益增長，預估未來滿產能可達到100萬平方英呎。 焦佑衡表示，ELNA 2018年加入PSA華科事業群，2022年至今在馬來西亞投入超過10億馬幣，在檳城現有廠房旁興建一座五層樓的PCB製造廠，生產高品質及先進的印刷電路板，新廠第一期產能將生產30萬平方英呎，供應汽車、伺服器、網絡設備、個人運算及消費性電子產品等，隨著高品質及先進PCB需求日益增長，預估未來滿產能可達到100萬平方英呎。 ELNA楊其荺社長指出，原有廠房仍會持續製造雙面及多層印刷電路板，新廠增加先進產能，係為滿足客戶對供應商地理製造多樣化、供應鏈彈性的需求。 據悉，馬來西亞是全球第六大半導體出口國，檳城是馬來西亞半導體產業主要重鎮，擁有完善的工業生態系統、豐富的人才庫及有利的商業環境。目前進駐馬來西亞以半導體封裝與測試廠為大宗，佔全球市場13%，ELNA選擇於檳城續新建PCB廠房，有望為檳城建構更完整的電子製造供應鏈。 此次在馬來西亞新建第二座PCB廠房擴大產能，將移轉先進的製造技術，培養本地PCB尖端技術人才，創造超過1,000個額外就業機會。檳城州曹觀友首席部長致詞強調，ELNA新廠落成對檳城是一個重要的里程碑，檳城將繼續努力鞏固在電子製造領域的全球領導地位。 PSA華科事業群積極佈局全球，包含旗下精成科技、釜屋電機、閎暉實業 （3311） 在馬來西亞、日本等地投資，設立被動元件、印刷電路板、EMS代工工廠等，集團PCB總經理陶正國進一步說，PSA致力為全球客戶提供一站式的產業最佳解決方案，ELNA新廠落成啟用是PCB事業群重要的里程碑，期待能提供更多元且優質的產品和服務。 PSA精成科技旗下ELNA馬來西亞PCB新廠今日落成。記者李孟珊／攝影。 PSA精成科技旗下ELNA馬來西亞PCB新廠今日落成。記者李孟珊／攝影。 PSA精成科技旗下ELNA馬來西亞PCB新廠今日落成，董事長焦佑衡出席。記者李孟珊／攝影。 PSA精成科技旗下ELNA馬來西亞PCB新廠今日落成。記者李孟珊／攝影。 PSA精成科技旗下ELNA馬來西亞PCB新廠今日落成。記者李孟珊／攝影。 $(document).ready(function () {nstockStoryStockInfo();});","['https://pgw.udn.com.tw/gw/photo.php?u=https://uc.udn.com.tw/photo/2024/09/10/realtime/30476369.jpg&x=0&y=0&sw=0&sh=0&sl=W&fw=1050&exp=3600&exp=3600', 'https://pgw.udn.com.tw/gw/photo.php?u=https://uc.udn.com.tw/photo/2024/09/10/realtime/30476370.jpg&x=0&y=0&sw=0&sh=0&sl=W&fw=1050&exp=3600&exp=3600', 'https://pgw.udn.com.tw/gw/photo.php?u=https://uc.udn.com.tw/photo/2024/09/10/realtime/30476371.jpg&x=0&y=0&sw=0&sh=0&sl=W&fw=1050&exp=3600&exp=3600', 'https://pgw.udn.com.tw/gw/photo.php?u=https://uc.udn.com.tw/photo/2024/09/10/realtime/30476372.jpg&x=0&y=0&sw=0&sh=0&sl=W&fw=1050&exp=3600&exp=3600', 'https://pgw.udn.com.tw/gw/photo.php?u=https://uc.udn.com.tw/photo/2024/09/10/realtime/30476373.jpg&x=0&y=0&sw=0&sh=0&sl=W&fw=1050&exp=3600&exp=3600']"
56128217724,鋒魁邁向國際化 搶攻歐美半導體商機,2024/09/10 09:10:33,經濟日報 記者李珣瑛／新竹即時報導,"http://b.scorecardresearch.com/p?c1=2&c2=7390954&cv=2.0&cj=1鋒魁科技總經理林千惠（前排右四）日前受新東向聯盟（TeaLa）邀請參加台灣半導體產業考察團，前往捷克進行深入考察。圖／業者提供
鋒魁 （7530） 科技日前造訪捷克，探詢歐洲半導體復興商機，展現積極推動國際連結的決心，隨著台灣半導體供應鏈的全球化步伐日益加快，鋒魁正不斷擴大其國際觸角。 8月下旬，鋒魁科技總經理林千惠受新東向聯盟（TeaLa）邀請參加台灣半導體產業考察團，前往捷克進行深入考察，探討中東歐及整個歐盟半導體市場的發展潛力。林千惠表示，捷克作為歐洲科技發展的重要樞紐，憑藉其優越的地理位置及高素質人才，為半導體產業鏈提供了理想的發展環境，鋒魁對此充滿期待。 林千惠指出，捷克的半導體發展擁有長期的科研基礎，尤其是在材料科學和精密工程領域的技術積累，這使得捷克成為進入歐洲半導體市場的重要門戶。未來若能通過與捷克方產學研的深度合作，鋒魁科技不僅有望能夠從市場面找到切入點，還能借助當地豐富的科研人才資源，加速產品的研發和生產，進一步提升競爭力。 鋒魁向來以技術的創新突破與智能整合作為公司成長的關鍵策略，近期上市的全新智能真空幫浦產品系列預期可以在歐洲市場擁有巨大的競爭優勢。林千惠表示，該系列產品不僅在技術上具備領先優勢，還針對當前半導體製造業面臨的核心需求進行了升級和創新。 鋒魁全新智能真空幫浦擁有三大主要特點： 智能6秒不斷電系統：該系統內置高容量電池組和智能控制器，能夠在電源故障的6秒內確保真空幫浦持續運行，避免生產線因電力中斷而停機，保障了工廠的生產效率和設備的穩定性，這在以高可靠性為導向的歐洲市場尤其具有吸引力。 智能控制系統：搭載了帆宣科技的先進「半導體故障預診斷技術」，這一技術能夠使機台故障預測的準確率達到95%以上，同時誤報率控制在1%以下。這一技術不僅提高了機台的運行效率，還降低了維護成本，使工廠能夠更為精確地管理生產設備，全面提升了工廠自動化和遠程管理的水平，這將大大滿足歐洲製造業者對智能化生產的需求。 客製化綠能節電解決方案：鋒魁科技根據不同客戶的需求，提供個性化的真空系統設計和整合服務，專注於提高設備的能源效率，這一特點符合歐洲市場對環保和可持續發展的高標準要求。透過綠能節電方案，鋒魁的產品不僅降低了生產成本，還減少了能源消耗，這在日益重視環境保護的歐洲市場中具有顯著優勢。 鋒魁的國際佈局行動，呼應台灣半導體供應鏈向國際市場進軍的總體趨勢，也展現對全球市場需求的深刻洞察。歐洲市場的高標準和技術要求為鋒魁科技的技術創新提供了廣闊的發展空間，而捷克憑藉其區位優勢和科技實力，將成為鋒魁拓展歐洲業務的理想跳板。 隨著鋒魁在美國和歐洲市場的雙重佈局不斷推進，鋒魁將在全球半導體供應鏈中扮演越來越重要的角色，成為台灣半導體全球化趨勢的受益者。林千惠表示，鋒魁科技將繼續加大對創新技術的投資，並與全球各地的合作夥伴緊密合作，力求在競爭激烈的全球市場中保持領先地位。 鋒魁科技總經理林千惠（前排右四）日前受新東向聯盟（TeaLa）邀請參加台灣半導體產業考察團，前往捷克進行深入考察。圖／業者提供 $(document).ready(function () {nstockStoryStockInfo();});",['https://pgw.udn.com.tw/gw/photo.php?u=https://uc.udn.com.tw/photo/2024/09/10/realtime/30476273.jpg&x=0&y=0&sw=0&sh=0&sl=W&fw=1050&exp=3600&exp=3600']
56128217702,蘋果新機亮相 法人看好台積電、日月光等供應鏈受惠,2024/09/10 08:58:06,經濟日報 記者周克威／台北即時報導,"http://b.scorecardresearch.com/p?c1=2&c2=7390954&cv=2.0&cj=1蘋果iPhone 16全系列導入Apple全新設計的A18系列晶片。(記者黃筱晴／攝影)
蘋果發表iPhone 16等新品，在新訂單貢獻下，市場看好供應鏈下半年業績優於上半年，包括台積電 （2330） 、新進供應鏈的聯詠 （3034） 、日月光投控 （3711） 、精材 （3374） 等，營運將受惠。 法人機構表示，蘋果iPhone 16全系列導入Apple全新設計的A18系列晶片，iPhone 16、iPhone 16 Plus使用A18晶片；iPhone 16 Pro、iPhone 16 Pro Max則採用A18 Pro晶片。蘋果為第一家大量採用台積電N3投片客戶，因此A18與A18 Pro晶片皆延續使用台積電第二代N3P製程，都內建6核心CPU與16核心神經網路引擎，主要差別為A18配備5核心GPU；A18 Pro則配備6核心GPU。 iPhone 16全系列導入蘋果全新設計的A18系列晶片，採用台積電第二代N3 製程和後段先進封測，因此除台積電外，台積電子公司精材也有相關訂單，由於台積電本身先進封測產能吃緊，部份訂單將會外溢至精材，使精材營收也將會明顯成長。 另外，日月光投控與蘋果合作關係密切，主要透過旗下EMS廠環旭承接蘋果系統級封裝模組訂單，包括手機天線及WiFi模組等系統級封裝服務，已有多年供貨經驗，近幾代iPhone內部零件都可見到環旭系統級封裝模組。除iPhone外，另外蘋果穿戴裝置產品，日月光投控皆有供應，因此，預期日月光投控在下半年EMS營收明顯優於上半年。 分析師指出，蘋果此次新品的螢幕規格仍沿用OLED面板，畫素升級，聯詠將供應新iPhoneOLED驅動IC，為聯詠首度打入iPhone供應鏈，聯詠第2~3季陸續把OLED驅動IC 交給LGD，使聯詠OLED驅動IC出貨量會比上半年增加，預估上、下半年占比達4：6。另外後段封測廠頎邦 （6147） 亦將受惠。",
56128217687,中光電榮獲第六屆國家企業環保獎「銀級獎」,2024/09/10 08:49:35,經濟日報 記者李珣瑛／新竹即時報導,"http://b.scorecardresearch.com/p?c1=2&c2=7390954&cv=2.0&cj=1副總統蕭美琴（前排中）接見國家企業環保獎得主，中強光電由呂玉如副總（前排左一）代表出席。圖／中光電提供
中光電 （5371） 於9月6日在環境部舉辦的第六屆國家企業環保獎頒獎典禮上，再度勇奪「銀獎」殊榮，並首次獲得「榮譽環保企業獎」的高度肯定。中強光電憑藉卓越的環境管理與減碳作為，連續三年獲得國家企業環保獎銀獎，並於今年加碼獲得榮譽環保企業殊榮，充分彰顯公司在永續環境發展上堅定的承諾與投入。 為因應全球淨零碳排趨勢，中強光電全面展開碳管理措施，並積極響應國內外倡議及氣候組織。公司自2020年導入TCFD架構，並於2023年發佈氣候相關財務揭露報告，識別氣候風險與機會，制定低碳策略，並主動填覆2023 CDP問卷，獲得氣候變遷及水安全「B」管理等級，供應鏈議合評比更達到「A」領導等級。此外，今年已通過SBTi科學基礎減碳目標審核，訂定「以2021年為基準年，2032年實現溫室氣體範疇一和範疇二的絕對減量50.4%、範疇三的絕對減量30%」的減碳目標。 中強光電在節能減碳方面成效亮眼，臺灣廠區新增三座屋頂太陽能系統，裝置容量817千瓦，綠能使用量達95萬度，加上新增的33項節能措施，南科兩廠導入ESCO空調系統節能工程，並優化遠端監控設施，實現年度節電97萬度，節能率達35%，這些舉措使台灣廠區溫室氣體排放(範疇一與範疇二)較前一年度絕對減量達到18%。今年，竹南廠更成功取得集團內第一座LEED國際綠建築認證，深刻體現對永續發展的持續精進。 此外，在節水和減廢方面也取得顯著進展，不僅設置雨水和筏基水回收設施於各主要廠區，更推動多項節水措施，使臺灣廠區用水量較前一年度減少8%，用水回收率也增加到40%；在減廢方面，公司推動包裝材料回收再利用計畫，回收率高達97%，展現出公司對環境友善的堅定承諾。 中強光電將綠色產品視為企業淨零發展的基石之一，透過低耗能、輕量化和再生材料的使用來推動綠色產品。公司與品牌商合作，針對三款雷射投影機導入ISO 14067產品碳足跡盤查，並通過第三方驗證。亦連續八年自主盤查產品碳足跡，掌握產品碳排結構，優化產品設計，提升產品的永續發展競爭力。再者，為減少原物料耗用並落實循環經濟，擴大導入投影產品使用50%回收塑膠材作為機台外殼，累計使用14,838公斤回收塑料，將綠色設計理念融入產品開發，實現源頭減碳和責任生產。 除了在內部推動綠色轉型，也積極擴展企業的綠色影響力，不但連續七年認養龍鳳漁港海岸並舉辦淨灘活動，亦連續五年在世界地球日發起「關燈一小時」行動，今年共吸引了111間供應商及18所小學共同響應，共計19,117人參與。同時亦招募環保志工，舉辦了12場環境永續課程與活動，總計吸引17,272人參與，展現了企業在地球環境保護的積極貢獻。 中強光電將持續以4G力：「綠色產品」、「綠色產鏈」、「綠色生產」及「綠色生活」為核心，深耕環境永續，推動企業綠色轉型，並攜手綠色夥伴，共同努力實現淨零目標。 副總統蕭美琴（前排中）接見國家企業環保獎得主，中強光電由呂玉如副總（前排左一）代表出席。圖／中光電提供 中強光電獲頒「榮譽環保企業獎」殊榮，由呂玉如副總代表受獎。圖／中光電提供 環境部部長彭啓明頒發「國家企業環保獎」予中強光電受獎代表。圖／中光電提供 $(document).ready(function () {nstockStoryStockInfo();});","['https://pgw.udn.com.tw/gw/photo.php?u=https://uc.udn.com.tw/photo/2024/09/10/realtime/30475989.jpg&x=0&y=0&sw=0&sh=0&sl=W&fw=1050&exp=3600&exp=3600', 'https://pgw.udn.com.tw/gw/photo.php?u=https://uc.udn.com.tw/photo/2024/09/10/realtime/30475990.jpg&x=0&y=0&sw=0&sh=0&sl=W&fw=1050&exp=3600&exp=3600', 'https://pgw.udn.com.tw/gw/photo.php?u=https://uc.udn.com.tw/photo/2024/09/10/realtime/30475991.jpg&x=0&y=0&sw=0&sh=0&sl=W&fw=1050&exp=3600&exp=3600']"
56128217680,獨家／上市 PCB 廠競國台灣廠驚傳12月關廠 通知客戶,2024/09/10 08:40:45,經濟日報 記者尹慧中/台北即時報導,"http://b.scorecardresearch.com/p?c1=2&c2=7390954&cv=2.0&cj=1上市PCB廠商競國日前出售泰國廠給予陸資廠勝宏科技後，近日驚傳台灣廠驚傳12月前關廠，並對客戶發布通知預告客戶轉移生產。PCB示意圖。（聯合報系資料庫）
上市PCB廠商競國 （6108） 日前出售泰國廠給予陸資廠勝宏科技後，近日驚傳台灣廠驚傳12月前關廠，並對客戶發布通知預告客戶轉移生產，最後出貨日期2024年12月25日。至於後續台灣廠400名員工安排等細節不明。 對於相關台灣廠關廠議題，記者本週多次致電競國發言管道沒有取得回應，今日並再次於上班時間致電公司，尚待公司回應。 本報記者收到爆料，競國發布台灣廠關廠通知給予客戶。業界則分別證實，競國在處分泰國廠後，台灣廠也預計關閉，將由大陸廠區集中生產。 不過，競國8月27日甫於交易所召開法說會，當時並未提到台灣廠將關廠，如今時隔約一週，業界就傳出競國台灣廠將熄燈，引發產業議論。 依據競國先前法說會上說明，泰國廠簽約出售預計第三季交割並認列處分利益2319萬美元。 泰國廠過往主攻車用，至於若後續台灣廠也關閉，競國將僅剩大陸昆山廠。大陸廠則主要從事記憶體用板、電池板、網通板等。 競國8月法說會簡報顯示，台灣廠員工400人，大陸昆山廠1,738人，泰國廠員工1,075人。上半年終端前五大應用為記憶體21.3%，NB約20.5%，網通12.1%，家用10.5%，汽車板9.5%。 依據讀者爆料，競國2024年9月4日發布關廠通知書提到「公司長久以來深耕於PCB等產品的生產製造，品質亦為大家認可但隨著國際情勢與貴金屬價格不斷上漲，整體市場環境不佳，原物料成本變化巨大造成本公司生產營運艱難，經過整體考量市場狀況及內部調整，故決定於2024年12月底前停止台灣廠生產。特此通告！ 1.最後接單日期2024年10月31日 2.最後出貨日期2024年12月25日 請貴公司先行規劃移轉生產，對於可能造成不便利之處深成歉意，本公司亦承諾將盡全力減少此過度期間造成之影響。」 本報記者接獲讀者爆料競國發布台灣關廠通知給予客戶。記者尹慧中攝影 $(document).ready(function () {nstockStoryStockInfo();});",['https://pgw.udn.com.tw/gw/photo.php?u=https://uc.udn.com.tw/photo/2024/09/10/realtime/30475968.jpg&x=0&y=0&sw=0&sh=0&sl=W&fw=1050&exp=3600&exp=3600']
56128217344,碳費費率六年倍增 考驗產業界,2024/09/10 02:43:52,經濟日報 記者邱琮皓／台北報導,"http://b.scorecardresearch.com/p?c1=2&c2=7390954&cv=2.0&cj=1台灣討論碳費費率至少兩年有餘，如今端出起徵費率300元至500元，並喊出2030年後，費率就要一舉提高到1,200元至1,800元，短短六年間，費率就要增至二倍以上，考驗產業界的接受程度與適應力。 若借鏡他山之石，與台灣制度最相近的是課徵碳稅的新加坡。新加坡早在2019年開始課徵碳稅，起徵稅率每噸5星元（約新台幣123元），持續到2023年，自2024年才調升至每噸25星元（約新台幣614元），並規劃2026年調升至45星元（約新台幣1,106元），2030年並以50星元（約新台幣1,230元）至80星元（約新台幣1,966元）為目標。 換言之，觀察新加坡實施碳稅制度，最低稅率至少維持了五年，等於有了五年緩衝期；台灣啟動碳費制度，著重調和各方意見，但過了許久後，起徵費率300元起跳，起步已經慢了，又要趕在2030年後，與新加坡切齊標準，在追求國際競爭力的同時，如何讓產業能夠順利接軌，將是一大考驗。 產業界認為，碳費制度在六年內費率翻倍，雖然對標新加坡水準，但還要觀察各國相關配套措施，台灣也要有所對應，才能保全台灣國際競爭力。 另外以南韓為例，排放交易價格約216.5元，由於業者可獲得免費核配比例為九成，代表廠商只需要付一成，等於產業實際付出費率為每噸21.6元；至於新加坡每噸碳稅為600元，但會根據廠商提出的減量計畫給予直接減免。 $(document).ready(function () {nstockStoryStockInfo();});",
56128217347,台版CBAM 石化水泥聲聲催,2024/09/10 02:42:53,經濟日報 記者謝柏宏、尹慧中／台北報導,http://b.scorecardresearch.com/p?c1=2&c2=7390954&cv=2.0&cj=1環境部昨（9）日召開第五次碳費費率審議會，起徵費率區間建議落在300至500元，對此國內石化及水泥業者昨日表示，徵收碳費對業者很痛苦，但一定全力配合政府碳費政策，呼籲政府考慮本土與國際業者公平性，希望「台版碳邊境調整機制（CBAM）」應儘快推出，讓進口水泥也要課碳費。 石化公會指出，台灣的石化業真的很困難，區域貿易協定一項一項被取消，FTA覆蓋率低，不像資通訊產業在WTO下有免稅協定。石化原料銷台少，都是外銷，現在碳費將開徵，成本增加，產品價格上揚，下游業者就會找其他國家進口。石化原料除了中國大陸，其他地方也一直產出，公會也跟環境部建議要參考國際，要有公平性，像歐盟有核配制度。 石化公會說明，碳費徵收對產業來說很痛苦，客戶會找有區域全面經濟夥伴協定（RCEP）等如墨西哥地方進口。但石化業者只能盡量配合。 水泥業者也表示，針對政府將課碳費，國內水泥業者雖然很辛苦，但一定會全力配合，只不過除了本土水泥業要交碳費外，呼籲政府應儘快推「台版CBAM」上路，讓進口水泥業也須繳交碳費，避免造成不公平貿易競爭。 將是碳費徵收對象的晶圓代工龍頭台積電 （2330） 表示，將遵循法規及公告的實施辦法，預計對財務應不致造成影響。 $(document).ready(function () {nstockStoryStockInfo();});,
56128217337,台積電先進製程再添戰力 下世代 EUV 設備...本月進駐,2024/09/10 02:34:10,經濟日報 記者尹慧中／台北報導,"http://b.scorecardresearch.com/p?c1=2&c2=7390954&cv=2.0&cj=1台積電。 路透
業界傳出，台積電 （2330） 首台下世代高數值孔徑極紫外光微影設備（High-NA EUV）本月將進機，持續領先三星的交機進度，有助台積電持續衝刺新世代先進製程。 對於相關傳聞，艾司摩爾昨（9）日不評論單一客戶。台積電不回應市場傳聞。 業界盛傳，台積電首台High-NA EUV本月將進機，預計移入台積電全球研發中心，作為研發使用，進而應對後續A14等先進製程開發需求。 至於價格方面，外傳台積電總裁魏哲家親自出馬議價有成，在購買新機配售舊款產品之下，整體報價估可減少近二成。 據了解，高數值孔徑極紫外光微影設備報價逾4億歐元，因光鏡頭鏡片無法分拆入廠，高度比一間會議室還高、長度也遠超前一代設備，因規格特殊且精密，恐須機場或港口聯通的高速公路交管或特定路線於深夜運送入廠，以避免交通不順。 據統計，台積電目前是全球最大極紫外光微影系統設備持有者，估計占全球EUV晶圓設備產出65%，也是率先將EUV設備導入7奈米製程的廠商。 艾司摩爾已獲得所有極紫外光微影（EUV）設備客戶下單下世代產品。ASML High NA EUV產品管理副總裁Greet Storms日前受訪提到，「ASML持續推進新的技術，並獲得每個EUV客戶在研發階段青睞，這些也都是我們High-NA客戶，也都有下單給我們，2026年希望是往量產方向推進」，不過仍看客戶製程成本等總體考量。 艾司摩爾先前曾證實，今年底前將向台積電交付最新的High-NA EUV。艾司摩爾強調，下世代極紫外光微影設備已於去年底開始陸續出貨，產能預計每小時可曝光超過185片晶圓，將支援2奈米以下邏輯晶片及具有相似電晶體密度的記憶體晶片量產。",
56128217356,華為「三折機」黃牛炒到27萬元 富世達、兆利等台鏈利多,2024/09/10 02:06:09,經濟日報 記者陳昱翔、謝柏宏／台北報導,"http://b.scorecardresearch.com/p?c1=2&c2=7390954&cv=2.0&cj=1華為今天下午將舉辦新品發表會，最受矚目的全球首款三折機「Mate XT」日前無預警開放「盲購」，在沒有正式售價及產品規格下，短短三天吸引超過300萬人預購。（翻攝華為官網）
華為今天下午將舉辦新品發表會，最受矚目的全球首款三折機「Mate XT」日前無預警開放「盲購」，在沒有正式售價及產品規格下，短短三天吸引超過300萬人預購，由於人氣爆棚，傳出當地黃牛喊出加價兩倍、以人民幣6萬元（約新台幣27萬元）搶購，有望讓Mate XT成為近年來地表最高貴、搶購最凶的智慧手機。 Mate XT盲購熱潮盛況空前，市場看好相關零組件供應商出貨動能跟著旺，新機軸承獨家供應商富世達昨（9）日不畏大盤重挫，直奔漲停價751元收市，並帶動兆利 （3548） 、新日興 （3376） 、信錦 （1582） 等軸承廠同步逆勢收紅。 不僅軸承族群買氣強勁，友輝、南寶、新纖、材料-KY等上市櫃公司也正積極搶攻折疊手機商機，供應新世代「可撓式（折疊）手機」面板、背板、光學薄膜等，法人看好將陸續成為華為、小米、OPPO等品牌大廠折疊機零件供應商，有望雨露均霑。 華為在今天下午的新品發表會端出Mate XT，並揭露新機詳細規格與售價。 市場對這支全球首款三折機高度關注，根據外電報導，Mate XT硬體規格可能搭載16GB的RAM、容量分為512GB與1TB版本，螢幕全數展開可達10吋，鏡頭則是5,000萬像素、五倍光學變焦及1,300萬像素超廣角鏡頭，核心晶片則搭載華為自家麒麟9系列晶片，防塵等級為IPX8。 據了解，Mate XT官方定價約人民幣1.5萬元（約新台幣6.76萬元）起跳，最高規機種售價可能超過人民幣2萬元（約新台幣9萬元），被譽為「電子茅台」，但盲購人氣依舊火熱，傳出有黃牛喊出加價至人民幣6萬元（約新台幣27萬元），比最高規機種多兩倍。",
56128217359,彭博：i16難掀換機潮,2024/09/10 02:01:49,經濟日報 編譯劉忠勇、陳律安／綜合外電,http://b.scorecardresearch.com/p?c1=2&c2=7390954&cv=2.0&cj=1外界普遍看好蘋果iPhone 16系列新機銷售之際，彭博記者葛曼（Mark Gurman）提出Apple Intelligence功能尚未成熟、新機還不能在歐盟和中國大陸市場推出、消費者還未能明白AI的好處等三個論點，直言iPhone 16系列新機不會帶起換機超級周期。 葛曼認為，今年不太可能出現超級換機潮，因為總經因素作祟；中國大陸智慧手機市場仍然疲軟，且全球很多消費者都在緊縮支出。 更大的問題可能歸結於技術本身；尤其新iPhone的外觀幾乎與去年機型沒兩樣，固然會有一些小幅的相機升級和其他功能，但要刺激消費者升級，就非得有全新設計不可，只是今年不會看到這類變化。 $(document).ready(function () {nstockStoryStockInfo();});,
56128217360,鴻海攻智慧城 軟硬進擊,2024/09/10 01:55:56,經濟日報 記者蕭君暉／台北報導,http://b.scorecardresearch.com/p?c1=2&c2=7390954&cv=2.0&cj=1鴻海 （2317） 攜手高雄市政府打造的智慧城市落地，以旗下電動巴士（ Model T）為應用的交通軟體服務「iBus+ App」正式上線，提供八大應用服務。 在鴻海的協助下，高雄市智慧交通軟體服務從電子化邁向數位化，再到AI 化，未來將推廣到其他城市與海外，目標是打造智慧城市的整城輸出方案。 鴻海打造智慧城市解決方案，不僅透過電動巴士的普及化，來協助前端資訊的收集與推廣應用服務，也打造後端的行控中心，可以說是包含硬體、軟體與服務的整體解決方案，透過軟硬進擊的方式，搶進智慧城市商機。 鴻海董事長劉揚偉認為，台灣硬體產業很厲害，但產官學研要有「軟體為主，硬體為輔」策略，為台灣下一代打造更好的空間。例如打造頂層的智慧城市，把許多領域與應用利用AI串聯，提供市民各項便利服務，形成一種商業模式帶動軟體產業發展。 鴻海去年4月和高雄市政府簽署投資意向書，規劃智慧城市完整解決方案。鴻海以系統整合商角色，憑藉智慧城市平台CityGPT為基礎，組織智慧城市大聯盟，支持所有方案商，加速建構城市數位化及智慧化服務。 CityGPT是以MODEL T做為移動物聯網的載具，蒐集所有城市數據，再同步到智慧城市開放大平台和方案商共享，以App Store的概念，串聯智慧交通、智慧觀光，以及一系列的食衣住行等多項服務。 $(document).ready(function () {nstockStoryStockInfo();});,
Source_id,Title,Time,Author,Content,Other_picture
56128218004,iPhone 16來了 遠傳同步 Apple 官網 13日開放預購　,2024/09/10 10:49:08,經濟日報 記者黃晶琳／台北即時報導,http://b.scorecardresearch.com/p?c1=2&c2=7390954&cv=2.0&cj=1蘋果iPhone16系列於台灣時間10日凌晨正式發表，今年預計推出包含iPhone 16、iPhone 16 Plus、iPhone 16 Pro、iPhone 16 1Pro Max 4款全新機型，預料將再掀起年度換機熱潮，遠傳電信宣布，同步Apple官網，於9月13日晚上8時起開放預購，遠傳也從今日上午11時起，推出限時24小時快閃調查，只需線上完成今年最愛iPhone 16機款問卷，就有機會獲得最新iPhone16。 遠傳電信資深副總趙憶南表示，這次iPhone 16系列價格不變，在硬體規格上提升還超有感，且未來將陸續新增多項Apple Intelligence功能，讓使用者在日常生活中能夠享受到更智慧、更便捷的使用體驗，預計將會再掀起一波年度換機大熱潮，帶動4G升級5G的需求，且過往遠傳iPhone新機到貨比市場充足，可以滿足客戶需求。全新款iPhone、搭配遠傳優質的網路、超強最新功能，三個願望一次全滿足，才是最完美的體驗。遠傳在5G網路的優勢，包含經國際機構認證的世界級網速，以及合併亞太後擁有的業界最大5G頻寬，會是消費者使用iPhone的最佳拍檔。 全新iPhone 16全面使用A18晶片處理器，iPhone 16 Pro/Pro Max則搭載A18 Pro晶片，全面支援 「Apple Intelligence」AI功能，強力驅動新一代的相機功能，而超高能源效率讓電池續航力更持久。iPhone 16全系列搭載48MP主相機，並新增「Capture Button相機控制鍵」全新設計，橫向模式拍照時更便利，可按壓或滑動來啟動不同功能，如拍照、拍片，取景時半按亦可打開新選頂介面，讓拍攝更精準。 同時，iPhone 16 Pro 系列，沿用鈦金屬設計，並帶來四大配色，其中全新「沙漠色鈦金屬」暖色調配色，特別引人矚目；而iPhone 16採用鋁金屬機身，除基本色白色、黑色外，還有「湛海藍」、「湖水綠」和「粉紅」三種新配色。今年新機更迎來史上最大螢幕，iPhone 16 Pro升級更大的 6.3 吋螢幕（原本6.1 吋），而 iPhone 16 Pro Max 螢幕則將增至 6.9 吋（原本6.7 吋），適合愛看影片和玩遊戲的用戶。 $(document).ready(function () {nstockStoryStockInfo();});,
56128218002,獨家／仁寶「調薪」開獎！「2部分」全員都有、幅度曝光,2024/09/10 10:48:30,經濟日報 記者吳康瑋／台北即時報導,"http://b.scorecardresearch.com/p?c1=2&c2=7390954&cv=2.0&cj=1仁寶。記者吳康瑋／攝影
國內每家科技大廠的「調薪時間」及「調薪幅度」幾乎都不太一樣，而近年積極朝AI伺服器市場發展的代工大廠仁寶 （2324） 則傳出已於10日啟動「全員調薪」的消息，並且調整完成的薪資，也已完成入帳。面對調薪傳聞，發言體系也向《經濟日報》證實，仁寶調薪的時間一般都是在9月左右，並且可分為全公司2-4%的固定調薪、以及不同部門不同比例的個人績效，共計兩個部分。 科技業工作壓力普遍高於一般上班族，且因工時較長、也常被外界冠上「爆肝」一詞來形容，不過長時間的付出，也讓從事科技業的人才，擁有相對誘人的薪資水準。一般而言，科技大廠年終加底薪、最少都至少可以領到14-15個月的薪資水準，不過業內人士透露，真正的看點在於每年發放的「分紅獎金」以及「調薪水準」，惟有上調自己的基礎薪資，才能真正讓人有感。 仁寶一向將每位員工視為家人，除了所有員工薪資都以「同工同酬」及工作績效為核給原則，依個人學歷、經歷及賦予的職等、職稱與工作性質核給不同薪資外，還會依年度獲利狀況給予員工利潤分紅，每年全員更享有固定調薪，以及資深員工獎金。發言體系坦言，公司相當重視人才培育與員工福利，並堅持一定要與員工分享經營成果，每位員工依照工作表現，平時就可領到績效、分紅獎金，以及穩定的調薪。 根據仁寶官網揭露的薪資福利資訊顯示，集團所有員工的薪資報酬，原則上都包含12個月薪資、年中獎金等部分，並依據公司經營成果及員工個人績效發給年終獎金及調整薪資2~4%。而依公司章程規定，團隊每年度如有獲利，應以扣除員工酬勞及董事酬勞前之本期稅前淨利，提撥不低於2%為員工酬勞，上述獎金、調整薪資及員工酬勞均提報薪資報酬委員會審議及董事會議決。 據內部人士透露，除了每個人都享有的固定調整2%-4%之外，最終實際的調薪幅度，也受到「年資/考績」很大程度的影響，並且還需要考量不同「級職」的區別，而個人考績也代表自己去年一整年當中，付出一切努力所獲得的成果，多劃分為「A、B、C」三個等地，因此幾乎所有人的調薪幅度都各有不同，此外若是級職上獲得升職，月薪就會上調10%左右，因此個人平時的努力付出，仍然是非常的重要。 $(document).ready(function () {nstockStoryStockInfo();});",
56128217993,iPhone 16秀 AI 效能 分析師：鴻海組裝占比拚6成,2024/09/10 10:45:32,中央社 記者鍾榮峰台北10日電,"http://b.scorecardresearch.com/p?c1=2&c2=7390954&cv=2.0&cj=1鴻海集團。記者吳康瑋／攝影
蘋果（Apple）今天推出內建人工智慧（AI）功能的iPhone 16手機系列，分析師預估，今年iPhone 16系列出貨量上看8900萬支，其中iPhone 16 Pro和Pro Max高階版占比達68%，鴻海仍是最大組裝代工廠，生產比重上看6成。 蘋果今天發表新一代iPhone 16智慧型手機系列，包括iPhone 16、iPhone 16 Plus、iPhone 16 Pro、 iPhone 16Pro Max，首度整合自行研發的智慧系統AppleIntelligence。 展望iPhone 16系列出貨進展，天風國際證券分析師郭明錤9日預估，iPhone 16系列8月與9月出貨分別約900萬支與1600萬支，今年出貨量可從原先預期的8700萬支至8800萬支，微幅上修至8800萬支至8900萬支，主要是iPhone 16小幅增加訂單。 從出貨比重來看，郭明錤預估，iPhone 16出貨占比約26%，iPhone 16 Pro占比約30%，iPhone 16 Pro Max占比約38%。 觀察iPhone 16系列組裝代工供應鏈，郭明錤表示，鴻海仍是組裝代工最大供應商，預期生產比重約55%至60%。 美系法人日前評估，鴻海占整體iPhone 16系列組裝代工比重約60%，iPhone 16 Pro系列旗艦機種出貨占比超過50%。 鴻海日前表示，最近幾個月包括手機和其他產品旺季活動準備如常，下半年旺季期間營運將逐漸加溫，預期第3季營運可季增及年增，目前能見度更佳。 $(document).ready(function () {nstockStoryStockInfo();});",
56128217990,家登8月營收創同期新高 全年挑戰高峰,2024/09/10 10:45:30,中央社 記者張建中新竹10日電,http://b.scorecardresearch.com/p?c1=2&c2=7390954&cv=2.0&cj=1家登自結8月營收新台幣6.46億元，月增約1.2%，年增45%，並創同期新高；累計前8月營收44.61億元，年增38%。家登預期，今年總營收可望挑戰新高。 家登表示，下半年旺季營運動能強勁，在半導體先進製程及人工智慧（AI）熱潮下，旗下光罩和晶圓載具出貨暢旺，是業績成長主要動能。 展望未來，家登指出，高數值孔徑極紫外光（High-NA EUV）光罩盒需求量將持續增長，晶圓載具市占率也將不斷攀升。 此外，航太領域布局將開花結果，家登表示，CoWoS先進封裝方案及浸潤式散熱技術也將注入成長動能，預期2025年集團營收將挑戰100億元大關。 $(document).ready(function () {nstockStoryStockInfo();});,
56128217960,台虎十年 隨10起航,2024/09/10 10:35:34,經濟日報 記者黃淑惠／台北即時報導,http://b.scorecardresearch.com/p?c1=2&c2=7390954&cv=2.0&cj=1「台虎十年、隨10起航」今「2024年」9月26日正式迎來開航10週年的台灣虎航，10日宣布將於9月份推出一系列的週年慶活動，活動內容包括天天簽到10在好賺、玩IG濾鏡抽虎禮、實體快閃活動抽10張機票等，送好送滿的各種優惠好康，準備和虎迷們一起歡慶整個9月。 首波主打推出「天天簽到10在好賺」和「玩IG濾鏡抽虎禮」活動，邀請虎迷們一起來慶生倒數！「天天簽到10在好賺」活動時間自2024年9月12日10:00 起至 2024年9月21日晚間23:59止，凡具備tigerclub 會員資格者，皆可於活動期間至指定活動網頁登錄會員相關資料，並參加每日問答，答對者即可進行當日簽到。 在10天之活動期間，只要簽到日累積滿5天者即可獲得300元回饋金，滿8天者可獲得500元回饋金，滿10天者可獲得 999元回饋金。而「玩IG濾鏡抽虎禮」則是兩人一組玩濾鏡默契大考驗，即日起至2024年9月26日晚間23:59止期間，把遊戲結果截圖上傳至台灣虎航官方粉絲團的活動貼文留言處，就有機會獲得精選好禮。同時，虎禮選平台也推出多種台灣虎航logo新商品，以滿滿的活力設計來陪伴虎迷的每一趟旅程。 實體的熱血活動當然也不能少，將號召虎迷們於2024年9月25日到指定快閃地點集合，當天預計抽出2024年9月26日限定出發之限定航點來回機票共計10張。 另外，為答謝虎迷們一路以來的支持，同步推出為期一年的「尊榮虎搭10送1」獎勵計畫。凡為台灣虎航tigerclub會員，於2024年1月1日至2025年9月25日止，會員記錄中完成搭乘台灣虎航任一航班且累計滿10趟次(即10個單程，如記錄中為1組來回機票，會直接判定為2趟次)，即可獲贈1組機票兌換序號；累計滿20趟次，即可獲贈2組機票兌換序號，依此類推；以感謝虎迷們的支持。 台灣虎航自2014年9月26日開航第一條航線以來，目前共飛航日本、韓國、澳門、泰國及越南等地區，更是飛航日本、韓國最多航點的國籍航空。,
56128217916,綠能、半導體擴廠 第2季製造業增購固定資產年增13%,2024/09/10 10:21:16,中央社 記者劉千綾台北10日電,http://b.scorecardresearch.com/p?c1=2&c2=7390954&cv=2.0&cj=1在半導體擴廠動能、綠能及電力工程推展挹注下，經濟部統計處表示，113年第2季製造業國內固定資產增購達新台幣4822億元，年增13.1%，結束連續5季負成長，以電子零組件業增購3276億元為最大宗。 經濟部統計處今天發布113年第2季製造業投資及營運概況調查統計，依照固定資產型態區分，113年第2季以機械及雜項設備增購占80.1%最多，年增15.7%；其次為房屋及營建工程占19.1%，年增2.7%。 就行業別觀察，電子零組件業第2季固定資產增購3276億元，占製造業67.9%居各業之冠，年增26.3%，主因半導體廠商因應AI商機與新興科技等應用強勁需求，加速擴充先進製程與高階封測產能。 由於去年比較基期較高等因素，化學材料及肥料業增購208億元，年減27.5%；石油及煤製品業增購166億元，年減22.5%。在減碳趨勢下，鋼鐵大廠持續投入環保改善工程及汰換設備，推升基本金屬業增購124億元，年增3%。 電腦電子產品及光學製品業方面，增購114億元，年減9.9%，主因去年同期部分廠商因應網通、伺服器等需求成長，擴建廠房及產能，相關資本支出較高所致。 電力設備及配備業增購112億元，年增73.5%。統計處說明，主因為應綠能、強韌電網及電力系統改善工程等需求，相關電池及電力設備廠商擴增產能。 此外，半導體設備、自動化需求增溫，相關業者擴建廠房及產線因應，推升機械設備業增購98億元，年增9.5%。 營收方面，在人工智慧、高效能運算及雲端服務商機持續拓展挹注下，113年第2季製造業營業收入（含海外生產之收入）8兆302億元，季增8.9%，年增8.1%，結束連續6季負成長。 展望未來，統計處表示，半導體供應鏈為維持技術領先優勢，持續擴充高階產能，以及全球終端商品需求改善，有利帶動企業投資意願回升，加以淨零轉型及產業自動化、數位化投資趨勢延續，均可望挹注製造業投資動能；但全球經濟成長表現續受主要國家利率政策發展、美中科技爭端及地緣政治風險等不確定因素干擾，仍需持續關注並審慎因應。 $(document).ready(function () {nstockStoryStockInfo();});,
56128217836,iPhone 16內建AI功能 蘋概股早盤表現平淡,2024/09/10 10:00:39,中央社 記者鍾榮峰台北10日電,http://b.scorecardresearch.com/p?c1=2&c2=7390954&cv=2.0&cj=1蘋果（Apple）今天推出內建人工智慧（AI）功能的iPhone 16系列手機，大部分蘋果概念股今天早盤表現平淡，台積電早盤持穩，台達電、日月光投控勁揚，鴻海、和碩守平盤。 蘋果今天發表新一代iPhone 16系列智慧型手機，包括iPhone 16、iPhone 16 Plus、iPhone 16 Pro、 iPhone 16Pro Max，首度整合自行研發的智慧系統AppleIntelligence。新機內建A18晶片，其中iPhone 16 Pro系列搭載A18 Pro晶片，均可實現更快的AI效能。 不過iPhone新品發布並未激勵蘋概股表現，早盤股價淡定，主要組裝代工夥伴鴻海在平盤172元附近整理，和碩維持平盤100元，鏡頭廠商玉晶光小漲、大立光開高走低翻黑。機殼廠可成和鴻準、面板驅動晶片封測供應商頎邦小漲，石英元件廠晶技跌1.3%。 A18晶片晶圓代工龍頭台積電早盤重返900元大關，來到906元，小漲0.78%。電源供應商台達電早盤漲1.5%。系統級封裝（SiP）供應商日月光投控早盤勁揚近2.5%。被動元件廠國巨小漲。 市場人士評估，A18晶片採用台積電3奈米高階晶圓製程製造；大立光和玉晶光是iPhone 16系列潛望式鏡頭主要供應商。 此外，IC載板廠景碩、南電、欣興、印刷電路板供應商臻鼎-KY、華通、砷化鎵廠穩懋等，市場預期也持續切入iPhone 16系列供應鏈。 $(document).ready(function () {nstockStoryStockInfo();});,
56128217773,精成科技旗下ELNA馬來西亞PCB新廠今日落成 強攻伺服器,2024/09/10 09:41:29,經濟日報 特派記者李孟珊／檳城10日電,"http://b.scorecardresearch.com/p?c1=2&c2=7390954&cv=2.0&cj=1PSA精成科技旗下ELNA馬來西亞PCB新廠今日落成。記者李孟珊／攝影。
PSA華科事業群旗下精成科技 （6191） 之印刷電路板製造廠ELNA，在10日於馬來西亞檳城舉行新廠落成典禮，由PSA華科事業群董事長焦佑衡、PSA PCB事業群總經理陶正國、ELNA社長楊其荺偕同經營幹部主持。新廠第一期產能將生產30萬平方英呎，供應汽車、伺服器、網絡設備、個人運算及消費性電子產品等，隨著高品質及先進PCB需求日益增長，預估未來滿產能可達到100萬平方英呎。 焦佑衡表示，ELNA 2018年加入PSA華科事業群，2022年至今在馬來西亞投入超過10億馬幣，在檳城現有廠房旁興建一座五層樓的PCB製造廠，生產高品質及先進的印刷電路板，新廠第一期產能將生產30萬平方英呎，供應汽車、伺服器、網絡設備、個人運算及消費性電子產品等，隨著高品質及先進PCB需求日益增長，預估未來滿產能可達到100萬平方英呎。 ELNA楊其荺社長指出，原有廠房仍會持續製造雙面及多層印刷電路板，新廠增加先進產能，係為滿足客戶對供應商地理製造多樣化、供應鏈彈性的需求。 據悉，馬來西亞是全球第六大半導體出口國，檳城是馬來西亞半導體產業主要重鎮，擁有完善的工業生態系統、豐富的人才庫及有利的商業環境。目前進駐馬來西亞以半導體封裝與測試廠為大宗，佔全球市場13%，ELNA選擇於檳城續新建PCB廠房，有望為檳城建構更完整的電子製造供應鏈。 此次在馬來西亞新建第二座PCB廠房擴大產能，將移轉先進的製造技術，培養本地PCB尖端技術人才，創造超過1,000個額外就業機會。檳城州曹觀友首席部長致詞強調，ELNA新廠落成對檳城是一個重要的里程碑，檳城將繼續努力鞏固在電子製造領域的全球領導地位。 PSA華科事業群積極佈局全球，包含旗下精成科技、釜屋電機、閎暉實業 （3311） 在馬來西亞、日本等地投資，設立被動元件、印刷電路板、EMS代工工廠等，集團PCB總經理陶正國進一步說，PSA致力為全球客戶提供一站式的產業最佳解決方案，ELNA新廠落成啟用是PCB事業群重要的里程碑，期待能提供更多元且優質的產品和服務。 PSA精成科技旗下ELNA馬來西亞PCB新廠今日落成。記者李孟珊／攝影。 PSA精成科技旗下ELNA馬來西亞PCB新廠今日落成。記者李孟珊／攝影。 PSA精成科技旗下ELNA馬來西亞PCB新廠今日落成，董事長焦佑衡出席。記者李孟珊／攝影。 PSA精成科技旗下ELNA馬來西亞PCB新廠今日落成。記者李孟珊／攝影。 PSA精成科技旗下ELNA馬來西亞PCB新廠今日落成。記者李孟珊／攝影。 $(document).ready(function () {nstockStoryStockInfo();});","['https://pgw.udn.com.tw/gw/photo.php?u=https://uc.udn.com.tw/photo/2024/09/10/realtime/30476369.jpg&x=0&y=0&sw=0&sh=0&sl=W&fw=1050&exp=3600&exp=3600', 'https://pgw.udn.com.tw/gw/photo.php?u=https://uc.udn.com.tw/photo/2024/09/10/realtime/30476370.jpg&x=0&y=0&sw=0&sh=0&sl=W&fw=1050&exp=3600&exp=3600', 'https://pgw.udn.com.tw/gw/photo.php?u=https://uc.udn.com.tw/photo/2024/09/10/realtime/30476371.jpg&x=0&y=0&sw=0&sh=0&sl=W&fw=1050&exp=3600&exp=3600', 'https://pgw.udn.com.tw/gw/photo.php?u=https://uc.udn.com.tw/photo/2024/09/10/realtime/30476372.jpg&x=0&y=0&sw=0&sh=0&sl=W&fw=1050&exp=3600&exp=3600', 'https://pgw.udn.com.tw/gw/photo.php?u=https://uc.udn.com.tw/photo/2024/09/10/realtime/30476373.jpg&x=0&y=0&sw=0&sh=0&sl=W&fw=1050&exp=3600&exp=3600']"
56128217724,鋒魁邁向國際化 搶攻歐美半導體商機,2024/09/10 09:10:33,經濟日報 記者李珣瑛／新竹即時報導,"http://b.scorecardresearch.com/p?c1=2&c2=7390954&cv=2.0&cj=1鋒魁科技總經理林千惠（前排右四）日前受新東向聯盟（TeaLa）邀請參加台灣半導體產業考察團，前往捷克進行深入考察。圖／業者提供
鋒魁 （7530） 科技日前造訪捷克，探詢歐洲半導體復興商機，展現積極推動國際連結的決心，隨著台灣半導體供應鏈的全球化步伐日益加快，鋒魁正不斷擴大其國際觸角。 8月下旬，鋒魁科技總經理林千惠受新東向聯盟（TeaLa）邀請參加台灣半導體產業考察團，前往捷克進行深入考察，探討中東歐及整個歐盟半導體市場的發展潛力。林千惠表示，捷克作為歐洲科技發展的重要樞紐，憑藉其優越的地理位置及高素質人才，為半導體產業鏈提供了理想的發展環境，鋒魁對此充滿期待。 林千惠指出，捷克的半導體發展擁有長期的科研基礎，尤其是在材料科學和精密工程領域的技術積累，這使得捷克成為進入歐洲半導體市場的重要門戶。未來若能通過與捷克方產學研的深度合作，鋒魁科技不僅有望能夠從市場面找到切入點，還能借助當地豐富的科研人才資源，加速產品的研發和生產，進一步提升競爭力。 鋒魁向來以技術的創新突破與智能整合作為公司成長的關鍵策略，近期上市的全新智能真空幫浦產品系列預期可以在歐洲市場擁有巨大的競爭優勢。林千惠表示，該系列產品不僅在技術上具備領先優勢，還針對當前半導體製造業面臨的核心需求進行了升級和創新。 鋒魁全新智能真空幫浦擁有三大主要特點： 智能6秒不斷電系統：該系統內置高容量電池組和智能控制器，能夠在電源故障的6秒內確保真空幫浦持續運行，避免生產線因電力中斷而停機，保障了工廠的生產效率和設備的穩定性，這在以高可靠性為導向的歐洲市場尤其具有吸引力。 智能控制系統：搭載了帆宣科技的先進「半導體故障預診斷技術」，這一技術能夠使機台故障預測的準確率達到95%以上，同時誤報率控制在1%以下。這一技術不僅提高了機台的運行效率，還降低了維護成本，使工廠能夠更為精確地管理生產設備，全面提升了工廠自動化和遠程管理的水平，這將大大滿足歐洲製造業者對智能化生產的需求。 客製化綠能節電解決方案：鋒魁科技根據不同客戶的需求，提供個性化的真空系統設計和整合服務，專注於提高設備的能源效率，這一特點符合歐洲市場對環保和可持續發展的高標準要求。透過綠能節電方案，鋒魁的產品不僅降低了生產成本，還減少了能源消耗，這在日益重視環境保護的歐洲市場中具有顯著優勢。 鋒魁的國際佈局行動，呼應台灣半導體供應鏈向國際市場進軍的總體趨勢，也展現對全球市場需求的深刻洞察。歐洲市場的高標準和技術要求為鋒魁科技的技術創新提供了廣闊的發展空間，而捷克憑藉其區位優勢和科技實力，將成為鋒魁拓展歐洲業務的理想跳板。 隨著鋒魁在美國和歐洲市場的雙重佈局不斷推進，鋒魁將在全球半導體供應鏈中扮演越來越重要的角色，成為台灣半導體全球化趨勢的受益者。林千惠表示，鋒魁科技將繼續加大對創新技術的投資，並與全球各地的合作夥伴緊密合作，力求在競爭激烈的全球市場中保持領先地位。 鋒魁科技總經理林千惠（前排右四）日前受新東向聯盟（TeaLa）邀請參加台灣半導體產業考察團，前往捷克進行深入考察。圖／業者提供 $(document).ready(function () {nstockStoryStockInfo();});",['https://pgw.udn.com.tw/gw/photo.php?u=https://uc.udn.com.tw/photo/2024/09/10/realtime/30476273.jpg&x=0&y=0&sw=0&sh=0&sl=W&fw=1050&exp=3600&exp=3600']
56128217702,蘋果新機亮相 法人看好台積電、日月光等供應鏈受惠,2024/09/10 08:58:06,經濟日報 記者周克威／台北即時報導,"http://b.scorecardresearch.com/p?c1=2&c2=7390954&cv=2.0&cj=1蘋果iPhone 16全系列導入Apple全新設計的A18系列晶片。(記者黃筱晴／攝影)
蘋果發表iPhone 16等新品，在新訂單貢獻下，市場看好供應鏈下半年業績優於上半年，包括台積電 （2330） 、新進供應鏈的聯詠 （3034） 、日月光投控 （3711） 、精材 （3374） 等，營運將受惠。 法人機構表示，蘋果iPhone 16全系列導入Apple全新設計的A18系列晶片，iPhone 16、iPhone 16 Plus使用A18晶片；iPhone 16 Pro、iPhone 16 Pro Max則採用A18 Pro晶片。蘋果為第一家大量採用台積電N3投片客戶，因此A18與A18 Pro晶片皆延續使用台積電第二代N3P製程，都內建6核心CPU與16核心神經網路引擎，主要差別為A18配備5核心GPU；A18 Pro則配備6核心GPU。 iPhone 16全系列導入蘋果全新設計的A18系列晶片，採用台積電第二代N3 製程和後段先進封測，因此除台積電外，台積電子公司精材也有相關訂單，由於台積電本身先進封測產能吃緊，部份訂單將會外溢至精材，使精材營收也將會明顯成長。 另外，日月光投控與蘋果合作關係密切，主要透過旗下EMS廠環旭承接蘋果系統級封裝模組訂單，包括手機天線及WiFi模組等系統級封裝服務，已有多年供貨經驗，近幾代iPhone內部零件都可見到環旭系統級封裝模組。除iPhone外，另外蘋果穿戴裝置產品，日月光投控皆有供應，因此，預期日月光投控在下半年EMS營收明顯優於上半年。 分析師指出，蘋果此次新品的螢幕規格仍沿用OLED面板，畫素升級，聯詠將供應新iPhoneOLED驅動IC，為聯詠首度打入iPhone供應鏈，聯詠第2~3季陸續把OLED驅動IC 交給LGD，使聯詠OLED驅動IC出貨量會比上半年增加，預估上、下半年占比達4：6。另外後段封測廠頎邦 （6147） 亦將受惠。",
56128217687,中光電榮獲第六屆國家企業環保獎「銀級獎」,2024/09/10 08:49:35,經濟日報 記者李珣瑛／新竹即時報導,"http://b.scorecardresearch.com/p?c1=2&c2=7390954&cv=2.0&cj=1副總統蕭美琴（前排中）接見國家企業環保獎得主，中強光電由呂玉如副總（前排左一）代表出席。圖／中光電提供
中光電 （5371） 於9月6日在環境部舉辦的第六屆國家企業環保獎頒獎典禮上，再度勇奪「銀獎」殊榮，並首次獲得「榮譽環保企業獎」的高度肯定。中強光電憑藉卓越的環境管理與減碳作為，連續三年獲得國家企業環保獎銀獎，並於今年加碼獲得榮譽環保企業殊榮，充分彰顯公司在永續環境發展上堅定的承諾與投入。 為因應全球淨零碳排趨勢，中強光電全面展開碳管理措施，並積極響應國內外倡議及氣候組織。公司自2020年導入TCFD架構，並於2023年發佈氣候相關財務揭露報告，識別氣候風險與機會，制定低碳策略，並主動填覆2023 CDP問卷，獲得氣候變遷及水安全「B」管理等級，供應鏈議合評比更達到「A」領導等級。此外，今年已通過SBTi科學基礎減碳目標審核，訂定「以2021年為基準年，2032年實現溫室氣體範疇一和範疇二的絕對減量50.4%、範疇三的絕對減量30%」的減碳目標。 中強光電在節能減碳方面成效亮眼，臺灣廠區新增三座屋頂太陽能系統，裝置容量817千瓦，綠能使用量達95萬度，加上新增的33項節能措施，南科兩廠導入ESCO空調系統節能工程，並優化遠端監控設施，實現年度節電97萬度，節能率達35%，這些舉措使台灣廠區溫室氣體排放(範疇一與範疇二)較前一年度絕對減量達到18%。今年，竹南廠更成功取得集團內第一座LEED國際綠建築認證，深刻體現對永續發展的持續精進。 此外，在節水和減廢方面也取得顯著進展，不僅設置雨水和筏基水回收設施於各主要廠區，更推動多項節水措施，使臺灣廠區用水量較前一年度減少8%，用水回收率也增加到40%；在減廢方面，公司推動包裝材料回收再利用計畫，回收率高達97%，展現出公司對環境友善的堅定承諾。 中強光電將綠色產品視為企業淨零發展的基石之一，透過低耗能、輕量化和再生材料的使用來推動綠色產品。公司與品牌商合作，針對三款雷射投影機導入ISO 14067產品碳足跡盤查，並通過第三方驗證。亦連續八年自主盤查產品碳足跡，掌握產品碳排結構，優化產品設計，提升產品的永續發展競爭力。再者，為減少原物料耗用並落實循環經濟，擴大導入投影產品使用50%回收塑膠材作為機台外殼，累計使用14,838公斤回收塑料，將綠色設計理念融入產品開發，實現源頭減碳和責任生產。 除了在內部推動綠色轉型，也積極擴展企業的綠色影響力，不但連續七年認養龍鳳漁港海岸並舉辦淨灘活動，亦連續五年在世界地球日發起「關燈一小時」行動，今年共吸引了111間供應商及18所小學共同響應，共計19,117人參與。同時亦招募環保志工，舉辦了12場環境永續課程與活動，總計吸引17,272人參與，展現了企業在地球環境保護的積極貢獻。 中強光電將持續以4G力：「綠色產品」、「綠色產鏈」、「綠色生產」及「綠色生活」為核心，深耕環境永續，推動企業綠色轉型，並攜手綠色夥伴，共同努力實現淨零目標。 副總統蕭美琴（前排中）接見國家企業環保獎得主，中強光電由呂玉如副總（前排左一）代表出席。圖／中光電提供 中強光電獲頒「榮譽環保企業獎」殊榮，由呂玉如副總代表受獎。圖／中光電提供 環境部部長彭啓明頒發「國家企業環保獎」予中強光電受獎代表。圖／中光電提供 $(document).ready(function () {nstockStoryStockInfo();});","['https://pgw.udn.com.tw/gw/photo.php?u=https://uc.udn.com.tw/photo/2024/09/10/realtime/30475989.jpg&x=0&y=0&sw=0&sh=0&sl=W&fw=1050&exp=3600&exp=3600', 'https://pgw.udn.com.tw/gw/photo.php?u=https://uc.udn.com.tw/photo/2024/09/10/realtime/30475990.jpg&x=0&y=0&sw=0&sh=0&sl=W&fw=1050&exp=3600&exp=3600', 'https://pgw.udn.com.tw/gw/photo.php?u=https://uc.udn.com.tw/photo/2024/09/10/realtime/30475991.jpg&x=0&y=0&sw=0&sh=0&sl=W&fw=1050&exp=3600&exp=3600']"
56128217680,獨家／上市 PCB 廠競國台灣廠驚傳12月關廠 通知客戶,2024/09/10 08:40:45,經濟日報 記者尹慧中/台北即時報導,"http://b.scorecardresearch.com/p?c1=2&c2=7390954&cv=2.0&cj=1上市PCB廠商競國日前出售泰國廠給予陸資廠勝宏科技後，近日驚傳台灣廠驚傳12月前關廠，並對客戶發布通知預告客戶轉移生產。PCB示意圖。（聯合報系資料庫）
上市PCB廠商競國 （6108） 日前出售泰國廠給予陸資廠勝宏科技後，近日驚傳台灣廠驚傳12月前關廠，並對客戶發布通知預告客戶轉移生產，最後出貨日期2024年12月25日。至於後續台灣廠400名員工安排等細節不明。 對於相關台灣廠關廠議題，記者本週多次致電競國發言管道沒有取得回應，今日並再次於上班時間致電公司，尚待公司回應。 本報記者收到爆料，競國發布台灣廠關廠通知給予客戶。業界則分別證實，競國在處分泰國廠後，台灣廠也預計關閉，將由大陸廠區集中生產。 不過，競國8月27日甫於交易所召開法說會，當時並未提到台灣廠將關廠，如今時隔約一週，業界就傳出競國台灣廠將熄燈，引發產業議論。 依據競國先前法說會上說明，泰國廠簽約出售預計第三季交割並認列處分利益2319萬美元。 泰國廠過往主攻車用，至於若後續台灣廠也關閉，競國將僅剩大陸昆山廠。大陸廠則主要從事記憶體用板、電池板、網通板等。 競國8月法說會簡報顯示，台灣廠員工400人，大陸昆山廠1,738人，泰國廠員工1,075人。上半年終端前五大應用為記憶體21.3%，NB約20.5%，網通12.1%，家用10.5%，汽車板9.5%。 依據讀者爆料，競國2024年9月4日發布關廠通知書提到「公司長久以來深耕於PCB等產品的生產製造，品質亦為大家認可但隨著國際情勢與貴金屬價格不斷上漲，整體市場環境不佳，原物料成本變化巨大造成本公司生產營運艱難，經過整體考量市場狀況及內部調整，故決定於2024年12月底前停止台灣廠生產。特此通告！ 1.最後接單日期2024年10月31日 2.最後出貨日期2024年12月25日 請貴公司先行規劃移轉生產，對於可能造成不便利之處深成歉意，本公司亦承諾將盡全力減少此過度期間造成之影響。」 本報記者接獲讀者爆料競國發布台灣關廠通知給予客戶。記者尹慧中攝影 $(document).ready(function () {nstockStoryStockInfo();});",['https://pgw.udn.com.tw/gw/photo.php?u=https://uc.udn.com.tw/photo/2024/09/10/realtime/30475968.jpg&x=0&y=0&sw=0&sh=0&sl=W&fw=1050&exp=3600&exp=3600']
56128217344,碳費費率六年倍增 考驗產業界,2024/09/10 02:43:52,經濟日報 記者邱琮皓／台北報導,"http://b.scorecardresearch.com/p?c1=2&c2=7390954&cv=2.0&cj=1台灣討論碳費費率至少兩年有餘，如今端出起徵費率300元至500元，並喊出2030年後，費率就要一舉提高到1,200元至1,800元，短短六年間，費率就要增至二倍以上，考驗產業界的接受程度與適應力。 若借鏡他山之石，與台灣制度最相近的是課徵碳稅的新加坡。新加坡早在2019年開始課徵碳稅，起徵稅率每噸5星元（約新台幣123元），持續到2023年，自2024年才調升至每噸25星元（約新台幣614元），並規劃2026年調升至45星元（約新台幣1,106元），2030年並以50星元（約新台幣1,230元）至80星元（約新台幣1,966元）為目標。 換言之，觀察新加坡實施碳稅制度，最低稅率至少維持了五年，等於有了五年緩衝期；台灣啟動碳費制度，著重調和各方意見，但過了許久後，起徵費率300元起跳，起步已經慢了，又要趕在2030年後，與新加坡切齊標準，在追求國際競爭力的同時，如何讓產業能夠順利接軌，將是一大考驗。 產業界認為，碳費制度在六年內費率翻倍，雖然對標新加坡水準，但還要觀察各國相關配套措施，台灣也要有所對應，才能保全台灣國際競爭力。 另外以南韓為例，排放交易價格約216.5元，由於業者可獲得免費核配比例為九成，代表廠商只需要付一成，等於產業實際付出費率為每噸21.6元；至於新加坡每噸碳稅為600元，但會根據廠商提出的減量計畫給予直接減免。 $(document).ready(function () {nstockStoryStockInfo();});",
56128217347,台版CBAM 石化水泥聲聲催,2024/09/10 02:42:53,經濟日報 記者謝柏宏、尹慧中／台北報導,http://b.scorecardresearch.com/p?c1=2&c2=7390954&cv=2.0&cj=1環境部昨（9）日召開第五次碳費費率審議會，起徵費率區間建議落在300至500元，對此國內石化及水泥業者昨日表示，徵收碳費對業者很痛苦，但一定全力配合政府碳費政策，呼籲政府考慮本土與國際業者公平性，希望「台版碳邊境調整機制（CBAM）」應儘快推出，讓進口水泥也要課碳費。 石化公會指出，台灣的石化業真的很困難，區域貿易協定一項一項被取消，FTA覆蓋率低，不像資通訊產業在WTO下有免稅協定。石化原料銷台少，都是外銷，現在碳費將開徵，成本增加，產品價格上揚，下游業者就會找其他國家進口。石化原料除了中國大陸，其他地方也一直產出，公會也跟環境部建議要參考國際，要有公平性，像歐盟有核配制度。 石化公會說明，碳費徵收對產業來說很痛苦，客戶會找有區域全面經濟夥伴協定（RCEP）等如墨西哥地方進口。但石化業者只能盡量配合。 水泥業者也表示，針對政府將課碳費，國內水泥業者雖然很辛苦，但一定會全力配合，只不過除了本土水泥業要交碳費外，呼籲政府應儘快推「台版CBAM」上路，讓進口水泥業也須繳交碳費，避免造成不公平貿易競爭。 將是碳費徵收對象的晶圓代工龍頭台積電 （2330） 表示，將遵循法規及公告的實施辦法，預計對財務應不致造成影響。 $(document).ready(function () {nstockStoryStockInfo();});,
56128217337,台積電先進製程再添戰力 下世代 EUV 設備...本月進駐,2024/09/10 02:34:10,經濟日報 記者尹慧中／台北報導,"http://b.scorecardresearch.com/p?c1=2&c2=7390954&cv=2.0&cj=1台積電。 路透
業界傳出，台積電 （2330） 首台下世代高數值孔徑極紫外光微影設備（High-NA EUV）本月將進機，持續領先三星的交機進度，有助台積電持續衝刺新世代先進製程。 對於相關傳聞，艾司摩爾昨（9）日不評論單一客戶。台積電不回應市場傳聞。 業界盛傳，台積電首台High-NA EUV本月將進機，預計移入台積電全球研發中心，作為研發使用，進而應對後續A14等先進製程開發需求。 至於價格方面，外傳台積電總裁魏哲家親自出馬議價有成，在購買新機配售舊款產品之下，整體報價估可減少近二成。 據了解，高數值孔徑極紫外光微影設備報價逾4億歐元，因光鏡頭鏡片無法分拆入廠，高度比一間會議室還高、長度也遠超前一代設備，因規格特殊且精密，恐須機場或港口聯通的高速公路交管或特定路線於深夜運送入廠，以避免交通不順。 據統計，台積電目前是全球最大極紫外光微影系統設備持有者，估計占全球EUV晶圓設備產出65%，也是率先將EUV設備導入7奈米製程的廠商。 艾司摩爾已獲得所有極紫外光微影（EUV）設備客戶下單下世代產品。ASML High NA EUV產品管理副總裁Greet Storms日前受訪提到，「ASML持續推進新的技術，並獲得每個EUV客戶在研發階段青睞，這些也都是我們High-NA客戶，也都有下單給我們，2026年希望是往量產方向推進」，不過仍看客戶製程成本等總體考量。 艾司摩爾先前曾證實，今年底前將向台積電交付最新的High-NA EUV。艾司摩爾強調，下世代極紫外光微影設備已於去年底開始陸續出貨，產能預計每小時可曝光超過185片晶圓，將支援2奈米以下邏輯晶片及具有相似電晶體密度的記憶體晶片量產。",
56128217356,華為「三折機」黃牛炒到27萬元 富世達、兆利等台鏈利多,2024/09/10 02:06:09,經濟日報 記者陳昱翔、謝柏宏／台北報導,"http://b.scorecardresearch.com/p?c1=2&c2=7390954&cv=2.0&cj=1華為今天下午將舉辦新品發表會，最受矚目的全球首款三折機「Mate XT」日前無預警開放「盲購」，在沒有正式售價及產品規格下，短短三天吸引超過300萬人預購。（翻攝華為官網）
華為今天下午將舉辦新品發表會，最受矚目的全球首款三折機「Mate XT」日前無預警開放「盲購」，在沒有正式售價及產品規格下，短短三天吸引超過300萬人預購，由於人氣爆棚，傳出當地黃牛喊出加價兩倍、以人民幣6萬元（約新台幣27萬元）搶購，有望讓Mate XT成為近年來地表最高貴、搶購最凶的智慧手機。 Mate XT盲購熱潮盛況空前，市場看好相關零組件供應商出貨動能跟著旺，新機軸承獨家供應商富世達昨（9）日不畏大盤重挫，直奔漲停價751元收市，並帶動兆利 （3548） 、新日興 （3376） 、信錦 （1582） 等軸承廠同步逆勢收紅。 不僅軸承族群買氣強勁，友輝、南寶、新纖、材料-KY等上市櫃公司也正積極搶攻折疊手機商機，供應新世代「可撓式（折疊）手機」面板、背板、光學薄膜等，法人看好將陸續成為華為、小米、OPPO等品牌大廠折疊機零件供應商，有望雨露均霑。 華為在今天下午的新品發表會端出Mate XT，並揭露新機詳細規格與售價。 市場對這支全球首款三折機高度關注，根據外電報導，Mate XT硬體規格可能搭載16GB的RAM、容量分為512GB與1TB版本，螢幕全數展開可達10吋，鏡頭則是5,000萬像素、五倍光學變焦及1,300萬像素超廣角鏡頭，核心晶片則搭載華為自家麒麟9系列晶片，防塵等級為IPX8。 據了解，Mate XT官方定價約人民幣1.5萬元（約新台幣6.76萬元）起跳，最高規機種售價可能超過人民幣2萬元（約新台幣9萬元），被譽為「電子茅台」，但盲購人氣依舊火熱，傳出有黃牛喊出加價至人民幣6萬元（約新台幣27萬元），比最高規機種多兩倍。",
56128217359,彭博：i16難掀換機潮,2024/09/10 02:01:49,經濟日報 編譯劉忠勇、陳律安／綜合外電,http://b.scorecardresearch.com/p?c1=2&c2=7390954&cv=2.0&cj=1外界普遍看好蘋果iPhone 16系列新機銷售之際，彭博記者葛曼（Mark Gurman）提出Apple Intelligence功能尚未成熟、新機還不能在歐盟和中國大陸市場推出、消費者還未能明白AI的好處等三個論點，直言iPhone 16系列新機不會帶起換機超級周期。 葛曼認為，今年不太可能出現超級換機潮，因為總經因素作祟；中國大陸智慧手機市場仍然疲軟，且全球很多消費者都在緊縮支出。 更大的問題可能歸結於技術本身；尤其新iPhone的外觀幾乎與去年機型沒兩樣，固然會有一些小幅的相機升級和其他功能，但要刺激消費者升級，就非得有全新設計不可，只是今年不會看到這類變化。 $(document).ready(function () {nstockStoryStockInfo();});,
56128217360,鴻海攻智慧城 軟硬進擊,2024/09/10 01:55:56,經濟日報 記者蕭君暉／台北報導,http://b.scorecardresearch.com/p?c1=2&c2=7390954&cv=2.0&cj=1鴻海 （2317） 攜手高雄市政府打造的智慧城市落地，以旗下電動巴士（ Model T）為應用的交通軟體服務「iBus+ App」正式上線，提供八大應用服務。 在鴻海的協助下，高雄市智慧交通軟體服務從電子化邁向數位化，再到AI 化，未來將推廣到其他城市與海外，目標是打造智慧城市的整城輸出方案。 鴻海打造智慧城市解決方案，不僅透過電動巴士的普及化，來協助前端資訊的收集與推廣應用服務，也打造後端的行控中心，可以說是包含硬體、軟體與服務的整體解決方案，透過軟硬進擊的方式，搶進智慧城市商機。 鴻海董事長劉揚偉認為，台灣硬體產業很厲害，但產官學研要有「軟體為主，硬體為輔」策略，為台灣下一代打造更好的空間。例如打造頂層的智慧城市，把許多領域與應用利用AI串聯，提供市民各項便利服務，形成一種商業模式帶動軟體產業發展。 鴻海去年4月和高雄市政府簽署投資意向書，規劃智慧城市完整解決方案。鴻海以系統整合商角色，憑藉智慧城市平台CityGPT為基礎，組織智慧城市大聯盟，支持所有方案商，加速建構城市數位化及智慧化服務。 CityGPT是以MODEL T做為移動物聯網的載具，蒐集所有城市數據，再同步到智慧城市開放大平台和方案商共享，以App Store的概念，串聯智慧交通、智慧觀光，以及一系列的食衣住行等多項服務。 $(document).ready(function () {nstockStoryStockInfo();});,
56128217268,長榮、陽明8月績優營收倍增 關注美東、德國碼頭勞資談判,2024/09/10 01:23:18,經濟日報 記者黃淑惠／台北報導,"http://b.scorecardresearch.com/p?c1=2&c2=7390954&cv=2.0&cj=1貨櫃雙雄長榮、陽明昨（9）日公布8月營收，同步交出不俗的成績單。（路透）
貨櫃雙雄長榮 （2603） 、陽明 （2609） 昨（9）日公布8月營收，同步交出不俗的成績單，長榮單月營收537.59億元，年增115.74%；陽明單月營收257.6億元，年增110.51%。 由於歐洲線8月運價較7月下滑近兩成，長榮8月營收，呈現月減1.17%；陽明則逆勢月增1.19%。 陽明認為，美東碼頭勞資談判暫無實質進展，德國碼頭勞資協商持續進行，仍有罷工風險，必須要持續觀察變化及碼頭作業動態審慎應對。業內指出，海運供應鏈仍脆弱，一旦罷工，將推升運價再度向上。 長榮、陽明8月營收概況 長榮8月營收略比7月下滑，主要是即期市場運價依不同航線約下降約一到二成，但對整體8月營收表現而言，受到影響不大；8月單月合併營收537.59億元，較上個月減少6.38億元，減少幅度為1.17%，然較去年同期增加288.41億元，增幅115.74％。長榮累計前八個合併營收達3,031.23億元，較去年同期增加1,205.7億元，年增率達66.05%。 陽明8月單月營收為257.6億元，較7月營收增加3.02億元，增幅為1.19%，較去年同期營收增加135.23億元，增幅為110.51%；累計前八個月營收為1,476.09億元，較去年同期營收956.93億元，增幅為54.25%。 根據Alphaliner統計，扣除塢修船舶數量，截至今年8月26日船舶閒置率仍處於低點，全球僅0.7%、約21.2萬TEU（20呎櫃）貨櫃船屬於純閒置狀態，且部分重要港口偶有塞港議題，加上航線繞道影響，整體船噸供給仍緊張。而歐、美及加拿大與中國之間貿易壁壘、地緣政治風險持續，全球經貿發展仍存在諸多不確定性。 法人分析，貨櫃輪8月運價受到大陸出口貨量需求的速度趨緩慢，運價全面走跌，上海集裝箱出口（SCFI）運價指數8月跌幅為14%，遠東到東及美西每FEU（40呎櫃）月跌幅分別為7.8%及11.7%；遠東到歐洲運價每TEU跌幅都達兩成，不過仍處於相對高檔。 美國降息正在醞釀中，有望推升全球經濟貿易量持續增溫，市場貨量也會跟著增加；至於船舶供給量也會開始放緩，明年新船交船數量開始下滑，約較今年減少近半；只要中東地緣問題無解，依舊會對於脆弱貨櫃輪供應鏈帶來衝擊，第4季有望維持高運價，長榮、陽明有望維持高營收、高獲利的表現。",['https://pgw.udn.com.tw/gw/photo.php?u=https://uc.udn.com.tw/photo/2024/09/10/2/30474978.jpg&x=0&y=0&sw=0&sh=0&sl=W&fw=500&exp=3600&exp=3600']
56128217272,全球貨櫃輪聯盟大洗牌 陽明結盟兩大咖...翻新合作,2024/09/10 01:21:11,經濟日報 記者黃淑惠／台北報導,http://b.scorecardresearch.com/p?c1=2&c2=7390954&cv=2.0&cj=1全球貨櫃輪聯盟大洗牌，國內貨櫃三雄之一的陽明海運 （2609） 昨（9）日宣布，將與另外兩大航商HMM、ONE持續聯盟合作，由原來「THE Alliance」重組為「Premier Alliance」，自2025年2月起生效。 另外，Premier Alliance聯盟也將同步擴大歐洲布局，並與全球最大地中海航運（MSC）就亞洲往返歐洲航線進行合作。法人分析，這個全新的合作方式，有助於提升陽明海運全球競爭力。 航運業者分析，聯盟有許多的好處，聯盟成員各有不同的專長、航線互補性大增，各家業者可以降低資本支出，不用每條線配置大量船舶，又能提供客戶更綿密的航線服務。 過去全球貨櫃海運船舶市場共有三大海運聯盟，2M聯盟是全球最大的聯盟；長榮隸屬於海洋聯盟（OCEAN）是第二大聯盟；陽明所屬的THE聯盟第三大。日前，2M聯盟已宣布2025年要解散。 原本THE聯盟成員德國赫伯羅德（Hapag-Lloyd）日前已發出通知，2025年1月31日退出「THE Alliance」聯盟，馬士基日前也宣布2025年開始要攜手赫伯羅特，進行長期「Gemini 合作」。 $(document).ready(function () {nstockStoryStockInfo();});,
