Source_id,Title,Time,Author,Content,Categories,Other_picture
4810135,美股漲聲再起！華爾街喊：3檔看漲「黃金交叉」股浮現 至少漲8％,2024-09-25 04:45:00+00:00,財經頻道,https://img.ltn.com.tw/Upload/business/page/800/2024/09/25/phpN5zMdg.jpg華爾街喊麥當勞等3檔看漲「黃金交叉」股浮現，潛在上漲空間至少漲8%（路透）〔財經頻道／綜合報導〕在美股本週再創新高，根據技術分析師密切關注的看漲價格圖表模式，麥當勞、思科系統和CF Industries三檔看漲「黃金交叉」股浮現，隨著美股走強之際，這3檔股價潛在上漲空間至少8%。 CNBC報導，麥當勞和思科系統公司是最近形成「黃金交叉」模式的公司之一，當資產的50天移動平均線升至向上傾斜的200天移動平均線上方時，就會出現這種現象，隨著美國3大指數也走向月度上漲，這些股票可能會強勁運行。 道瓊斯指數在9月份上漲了1.4%，而S&P 500和納斯達克指數分別上漲了近1%和1.1%。 根據FactSet的數據，麥當勞在9月中旬宣佈將在大多數美國市場將其5美元套餐延長至12月，今年來股價上漲了近 1.3%，而本季度則大漲17.5%以上。 週二麥當勞箭中股價創下歷史新高，這是自1月19日收於 300.53 美元以來的首次創紀錄收盤價，高盛將麥當勞的目標價上調了41美元至325美元，這意味著8.23%的潛在上漲空間。 麥當勞指出，公司在經歷了長時間的減速後，隨著5美元套餐優惠推出後，銷售額繼續保持上升勢頭，高盛分析師Christine Cho在1份報告中表示，我們現在認為，相對於S&P和同行來說，麥當勞更高的估值溢價是有道理的，因為其明顯的規模優勢將使其能夠超越同行，並在速食行業中佔據更強大的地位。 而今年股價漲約3.98%的思科系統，在公司公佈超出分析師預期的第2季度業績後，股價在本季度上漲了10%以上。New Street Research的Pierre Ferragu看好該公司基於訂閱的產品和軟體產品，隨著客戶去庫存的放緩，這些產品將推動獲利率擴張，將其目標價調為57美元，這意味著較週二收盤價還有8.53%的潛在上漲空間。 CF Industries這家肥料製造商今年上漲了6.7%，本季度上漲了近 14.5%。富國銀行週二重申了對CF Industries的增持評級，理由是其顯著的天然氣優勢和股票回購。 富國銀行表示，CF Industries的交易價格也處於折價狀態，如果繼續推進其清潔氨專案，可能會看到進一步的上漲空間，將其評級從中性上調至增持，並將其 12 個月目標價上調 4 美元至 92 美元，表明股價可能上漲約 10.5%。,"['財經', '國際財經']",
4810468,8月3大測驗點同步走跌 台經院：傳產出口轉佳春天將至,2024-09-25 04:25:00+00:00,記者徐子苓,https://img.ltn.com.tw/Upload/business/page/800/2024/09/25/4810468_1.jpg台經院發布景氣動向調查。（台經院提供）〔記者徐子苓／台北報導〕台灣經濟研究院今天發布景氣動向調查，8月製造業、服務業與營建業營業氣候測驗點均呈現下滑，其中製造業測驗點是近一年來上升趨勢中，首次單月出現較大跌幅，但台經院也強調，僅一個月的數字不足以論斷景氣趨勢，仍要持續觀察。 調查結果顯示，8月製造業測驗點為96.65點，月減2.30點，連續3個月下跌；服務業測驗點為97.88點，月減1.14點，連續2個月下滑；營建業測驗點為107.36點，月減4.57點，連2跌。 在國內製造業方面，隨著蘋果新機備貨旺季的到來，8月出口表現創新高，但台經院指出，受到國際原油價格走低拖累石化相關產品售價，加上需求仍顯疲弱，受訪廠商對於內外銷產品成交價格、生產活動和新進訂單量較上月調查相比都有所下滑，使得製造業廠商對當月、未來半年景氣表現看法出現惡化。 不過，台經院景氣預測中心主任孫明德認為，在出口方面，「今年春天不是不到，只是來得晚一點」，除了資通視聽產品一枝獨秀外，其他傳產也開始綻放，例如機械業受惠AI浪潮開始轉好，而石化產業因中東戰火再起、油價上升也有幫助。 美國聯準會（Fed）上週一口氣降息2碼，是否代表美國經濟出現衰退訊號？孫明德分析，美國資金荒才是造成Fed降息2碼的原因，因美國隔夜拆款利率近期時常發生暴衝，導致金融面出現緊縮，另外日圓升值導致套利交易重啟，進一步使得美國資金流出。 至於降息對股債市有何影響？孫明德指出，從過去歷史來看，降息若伴隨著經濟衰退，股市也不會太好，但若是聯準會主席鮑爾聲稱的「預防性降息」，那可能對股市不會有傷害，反而有激勵的作用。 在國內營建業方面，台經院指出， 8月六都建物買賣移轉件數月減7.6%，主要是由於各行庫不動產授信水位限縮，加上農曆民俗月干擾，讓單月房屋過戶登記受衝擊，以及房市交易掀起觀望氣氛，導致雙方磨合期拉長。 展望未來，因9月央行理監事會議再次調高存準率，並祭出第7次選擇性信用管制措施，出手力道較重，對於市場信心程度的打擊不小，台經院預期第4季房市會明顯降溫，呈現「量縮、價高檔震盪」的格局。,"['財經', '財經政策']",
4810403,碧桂園服務出售珠海萬達約1.49％股權 套現142億元,2024-09-25 04:22:00+00:00,核稿編輯高佳菁,https://img.ltn.com.tw/Upload/business/page/800/2024/09/25/phpuuqkUx.jpg碧桂園服務出售珠海萬達約1.5％股權，套現31.42億元人民幣（約新台幣142.6億元）。（示意圖，路透）高佳菁／核稿編輯 〔財經頻道／綜合報導〕中國房地產危機難解，經濟持續低迷，直接衝擊當地物業管理行業。碧桂園旗下物業管理公司「碧桂園服務」也難逃衝擊，作為因應，公司出售珠海萬達約1.49%股權，套現31.42億元人民幣（約新台幣142.6億元）。 綜合媒體報導，碧桂園服務週三（25日）宣布，旗下碧桂園物業香港同意以31.42億元人民幣的價格，將持有的1.49%珠海萬達股權出售給萬達。交易完成後，碧桂園物業香港對珠海萬達持股占比將降至約0.31%，約2210.9萬股。 碧桂園服務表示，此次出售，將使公司能夠精簡投資、收回資本，並重新專注於核心業務運營，為公司計劃退出策略的一部分。 截至台北時間25日中午12點左右，碧桂園服務股價暫報4.8港元，漲幅2.13%。 ,"['財經', '國際財經']",
4810452,電價審議會將討論10月電價  彭啓明：尊重專業,2024-09-25 04:20:00+00:00,記者陳嘉怡,https://img.ltn.com.tw/Upload/business/page/800/2024/09/25/4810452_1.jpg環境部長彭啓明（圖中）今天出席循環經濟新創展活動，針對電價調漲議題表示尊重審議會專業。（記者陳嘉怡攝）〔記者陳嘉怡／台北報導〕電價審議會近日將開會拍板10月起的電價費率，環境部也有派代表出席。環境部長彭啓明今天表示，全世界都面臨電費高漲的問題，台灣相對便宜，但仍要考慮物價波動，會尊重審議會專業審查決定。 經濟部近日將召開今年第2次電價費率審議會，將決定10月起新電價，由於環境部也有派代表出席，外界關心環境部對於電價的態度。 環境部長彭啓明今天表示，全世界在俄烏戰爭後，更重視能源安全，特別是天然氣價格高漲，電價適當反映成本很重要。全世界都面臨電費高漲的問題，台灣相對便宜，但也必須考慮到物價波動，這是很複雜的問題。希望台電在公司營運上能夠改革得更有效率，但不論是台電需求、政府補助或電價調整，環境部都會尊重專業。,"['財經', '財經政策']",
4810427,台銀黃金存摺漲不停！每公克2747元再創新高,2024-09-25 04:18:00+00:00,核稿編輯林浥樺,https://img.ltn.com.tw/Upload/business/page/800/2024/09/25/phpd1IqfI.jpg國際黃金價格持續走高。（路透）林浥樺／核稿編輯 〔財經頻道／綜合報導〕國際黃金價格持續走高，也帶動台灣銀行黃金存摺價格勁揚，以新台幣計價的黃金存摺賣出價，在今（25）日上午11點10分來到每公克2747元，若以最近1年收盤低點、2023年10月6日的每公克賣出價1898元來看，漲幅已超過44%。 由於中東緊張局勢升溫，加上美國消費者信心惡化，增強黃金的避險吸引力，國際金價週二（24日）再漲，現貨黃金上漲1.1%，報每盎司2656.38美元，盤中價格一度觸及2654.96美元紀錄；12月交割的黃金期貨價格上漲約1%，報每盎司2680美元。 受此影響，以台幣計價的黃金存摺今日第一盤賣出價，就來到每公克2741元，11點站上每公克2740元的大關，11點10分就來到每公克2747元新高。 換句話說，在去年10月6日花近10萬元買台銀黃金存摺的人，當時買到的約52公克黃金放到今天上午，帳面上已獲利超過4.4萬元。,"['財經', '投資理財']",
4810127,貪污上億元賭博買彩券！偽造逾400張單據被抓包 越南官員遭判死刑,2024-09-25 04:07:00+00:00,核稿編輯高佳菁,https://img.ltn.com.tw/Upload/business/page/800/2024/09/25/phpgWZNsN.jpg越南衛生部負責財務管理的官員阮黃（Nguyen Hoang）因貪汙，被越南河內法院判處死刑。（示意圖，彭博資料照）高佳菁／核稿編輯 〔財經頻道／綜合報導〕越南衛生部負責財務管理的官員阮黃（Nguyen Hoang）因貪汙，被越南河內法院判處死刑。經調查，阮黃涉嫌偽造409張單據，將2460億越南盾（新台幣約3.2億元）佔為己有，還將一半的錢挪去買彩券跟賭博，另一半則用於個人消費。 綜合越南媒體報導，阮黃曾擔任越南衛生部中央衛生與流行病學研究院的總會計師及財務會計主任。 根據調查，自2009年3月至2023年2月，中央衛生與流行病學研究院自2009年3月至2023年2月在1家銀行開了6個帳戶，阮黃在管理期間，利用其職務之便，偽造了409張單據，並從銀行帳戶中提款逾2460億越南盾，且沒有向相關單位提交任何文件，自行監控6個帳戶的資金來往。 在上述2460億越南盾的提款數字中，阮黃為掩人耳目將940億越南盾（約新台幣1.2億元）回存，剩餘1520億越南盾（新台幣約1.7億元）佔為己用。 此外，2009年至2017年，由於阮黃修改了財務報告數據，因此每年在批准年終報告時，中央衛生流行病學研究所以及其他相關部門，都無法發現阮黃挪用金錢的行為。 阮黃總共偷了14年，在此期間他早已購入眾多資產。調查機關已查封阮黃名下的多項財產，包含河內市西湖區1塊超過426平方公尺的土地、1輛汽車，以及位於北寧省和興安省的多處土地。 對此阮黃坦承所有犯行，並自稱挪用的公款只用於個人消費和賭博，沒有分給任何人。阮黃還坦承挪用的公款請同事買彩券，並在中央衛生與流行病學研究院的隱密處交付現金。 儘管坦承以對，但貪污金額實在太大，河內法院於本月23日判處阮黃極刑，將擇日執行死刑。,"['財經', '國際財經']",
4810336,美商用房地產轉機到來？裴洛西出手、抄底舊金山商用大樓,2024-09-25 04:06:00+00:00,核稿編輯高佳菁,https://img.ltn.com.tw/Upload/business/page/800/2024/09/25/phpuOTBFp.jpg裴洛西夫婦買入舊金山辦公室大樓，引發市場關注。（彭博資料照）高佳菁／核稿編輯 〔財經頻道／綜合報導〕美國舊金山辦公大樓空置率居高不下，零售商陸續撤離，當地的商用房地產面臨困境。在眾人一片不看好之下，近期傳出有「國會山股神」」之稱的南希·裴洛西 （Nancy Pelosi）抄底入場了，引發市場議論，舊金山商用房地產是否將迎來反彈。 據報導，舊金山辦公大樓空置率高達37%，位居全美第一，但今年8月裴洛西的丈夫保羅·裴洛西（Paul Pelosi）以25-50萬美元，投資了REOF XXVI有限責任公司，該公司以3640萬美元收購並負責管理舊金山的一棟商業辦公大樓，這價格比2014年投資管理公司Invesco購買價低了約42%。 裴洛西夫婦還投資了多個Flynn的企業，其中包括REOF XX和REOF XXV，前一家公司正在美國各地投資酒店，後一家公司正在翻新舊金山的一家豪華酒店。 裴洛西夫婦在舊金山地區擁有多處住宅。他們這次投資房地產的行為，被視為富裕的本地人對其居住和代表的城市進行投資，也暗示了房地產可能會重新回溫。 報導指出，美國眾議院前議長裴洛西投資股票精準，包括今年6月看好AI熱潮買進1萬股輝達（NVIDIA），她在股票市場的交易備受市場關注，有幾隻ETF專門追蹤她的投資動態和風格，而她的丈夫也是一位知名的創投家，經常進行有利可圖的大額股票交易。,"['財經', '國際財經']",
4810406,焦點股》高力：水冷散熱商機旺 股價向上,2024-09-25 03:58:00+00:00,記者歐宇祥,https://img.ltn.com.tw/Upload/business/page/800/2024/09/25/4810406_1.jpg高力今股價走揚。（資料照）〔記者歐宇祥／台北報導〕今日加權指數向上，尤其AI族群股價表現強勢，切入水冷散熱商機的熱處理廠高力（8996）股價也走高，一度大漲逾7%，近11時40分，高力股價上漲18.5元或4.53%，暫報426.5元，成交量近1500張。 高力今年因核心產品線板式熱交換器市況始終壓抑，營收表現相較去年小衰，不過因氫能需求逐步復甦，下半年月營收維持逐月提升，8月營收4.59億元，月增24%、年增14%，轉為正成長；前8月累計營收26.3億元，則仍年減15%。 在水冷散熱領域，高力的分歧管（CDM）持續出貨，今年看水冷領域營收將持續提升，為今年一大成長動能；近幾個營業日三大法人對高力著墨不多，昨合計買超234張、其中投信買超174張。 ,"['財經', '證券產業']",
4810131,華爾街喊「不要與聯準會鬥爭、放空」！花旗點名7檔降息潛力股,2024-09-25 03:32:00+00:00,核稿編輯高佳菁,https://img.ltn.com.tw/Upload/business/page/800/2024/09/25/phpq8ieY3.jpg華爾街喊「不要與聯準會鬥爭、別放空」！（路透）高佳菁／核稿編輯 〔財經頻道／綜合報導〕聯準會啟動降息，且大規模降2碼，標誌著市場轉向保持經濟增長，這讓市場感到意外，而此舉促使華爾街巨頭巴克萊銀行和花旗對全球週期性股票採取更為樂觀的立場，花旗欽點ASM、西門子等7檔降息潛力股。 CNBC報導，巴克萊在給客戶1份題為“不要與聯會作鬥爭，不要做空週期性股票”的報告中表示，週期性股票通常對利率和經濟增長敏感，隨著金融狀況的緩解，和經濟的擴張而上漲。 巴克萊股票策略師 Emmanuel Cau認為，聯準會的行動顯然是為了全力以赴實現經濟軟著陸，巴克萊表示，時間會證明一切，但隨著數據的持續增長，軟著陸仍在軌道上。 巴克萊策略師指出，週期性股票通常在聯準會開始降息週期後穩步反彈，只要它沒有隨之而來的經濟衰退。花旗策略師對歐洲股市的前景持相似的看法。 另由Beata Manthey領導的花旗策略師表示，除了聯準會降息和軟著陸的希望外，這表明我們可能正在接近開始平均化部分超賣週期性股票的正確時機。 花旗策略師們表示，他們衡量市場趨勢的專有指標盈利修正指數（Earnings Revisions Index），正在閃爍“極端”讀數，這在歷史上一直是1個逆向指標，並且通常在接下來的 12 個月週期性股票跑贏大盤之前。 花旗策略師表示，最近降息的規模變得如此極端，以至於我們現在正在接近一個點，負ERI可能是一個有用的逆向指標。 花旗銀行篩選了自今年上半年以來遠期估值比率下降的買入評級股票，包ASM、西門子、賽峰集團、BBVA、ING、Holcim、阿特拉斯·科普柯等7檔個股。 「不要與聯準會作鬥爭」的概念，是華爾街一句由來已久的格言，建議投資者將其策略與央行政策保持一致。,"['財經', '國際財經']",
4810356,焦點股》晟銘電：AI族群向上 直攻漲停,2024-09-25 03:25:00+00:00,記者歐宇祥,https://img.ltn.com.tw/Upload/business/page/800/2024/09/25/4810356_1.jpg晟銘電今股價亮燈漲停。（資料照）〔記者歐宇祥／台北報導〕今日台積電（2330）帶動加權指數大漲，AI族群股價向上，伺服器機殼廠晟銘電（3013）今日股價反攻，開高走高直攻漲停價141.5元，上漲12.5元或9.69%，成交量4.4萬張，站上新天價。截至11時15分，漲停委買張數近1.4萬張。 近日晟銘電股價表現強勁，從該公司有擔保轉換公司債（CB4）18日申報生效至今已漲逾3成，不過也成當沖熱門標的，從19日起每日的當沖成交量都破萬張，昨日當沖成交張數破5萬張、佔比高達73%，應留意後續股價波動。 晟銘電今年營運隨AI伺服器需求持續成長，前8月累計營收創歷年同期新高，法人預估，因通吃機殼、水冷機櫃商機，晟銘電下半年將維持成長；昨日外資買超1828張，三大法人合計買超1884張。 ,"['財經', '證券產業']",
4810352,高雄航太產值佔全台3分之1  全台唯一航太認證NADCAP培訓登場,2024-09-25 03:23:00+00:00,記者葛祐豪,https://img.ltn.com.tw/Upload/business/page/800/2024/09/25/4810352_1.jpg高市府舉辦全台唯一的「2024航太NADCAP熱處理高溫量測進階認證培訓課程」。（高雄市經發局提供）〔記者葛祐豪／高雄報導〕高雄航太產值佔全台3分之1，市府為協助在地航太業者，提升國際供應鏈位階，爭取波音、空巴、GE、勞斯萊斯等國際客戶訂單，今天（25日）起到27日舉辦全台唯一的「2024航太NADCAP熱處理高溫量測進階認證培訓課程」，特別針對以引擎發動機、起落架、機身結構等零組件為主要產品的高雄航太業者，量身打造開設。 高市經發局長廖泰翔表示，國內航太產值2023年約為1336億元，高雄作為台灣航太產業的重鎮，目前共有22家航太廠商，主要分布在岡山、路竹及仁武，2023年產值近400億元，約佔全台3分之1，顯示高雄航太產業對於全國航太產值貢獻的重要。 廖泰翔強調，市府積極推動航太產業發展，協助廠商取得NADCAP認證，並配合仁武產業園區、橋頭科學園區的開發，致力於將高雄打造成為全球航太產業的重要供應基地。 經發局說明，NADCAP全名「National Aerospace and Defense Contractors Accreditation Program」，是由美國航空業巨頭與美國國防部等機構發起的專業認證，並組成美國航太品質評審協會（PRI），針對航太工業的特殊產品和製程進行認證，對國際航空大廠而言，供應商必須通過NADCAP認證，才能打入供應鏈。 課程邀請到PRI首席稽核員Lum Chee-Soon，進行NADCAP熱處理高溫量測進階認證培訓現場授課，吸引漢翔、駐龍、朝宇、長亨、晟田等5家在地航太廠商，及豐達、寶一、台灣穗高、富成金屬、元生、榮剛等6家來自全台的航太業者參與，甚至有非航太業者也報名參加。 台灣航空業龍頭的漢翔公司品保處副處長王正翔說，公司參與NADCAP認證已有20餘年，HT（熱處理）、NDT（非破壞檢測）、CP（化學製程）是航太業者必備的NADCAP認證項目，熱處理高溫量測進階認證並於2023年大改版，目前全球進入國際旅遊爆發時期，台灣航空產業已逐漸恢復至疫情前水準。,"['財經', '財經政策']",
4810341,中國餐飲業曝慘狀 11月以後恐再迎倒閉潮,2024-09-25 03:19:00+00:00,編譯盧永山,https://img.ltn.com.tw/Upload/business/page/800/2024/09/25/4810341_1.jpg中國經濟低迷，民眾消費降級，連原本期待的暑假旺季也不旺。有資深業界資士預測，11月以後中國餐飲業可能再迎來倒閉潮。（美聯社）〔編譯盧永山／綜合報導〕中國經濟低迷，民眾消費降級，連餐飲業原本期待的暑假旺季也不旺。有中國餐飲業者感嘆，從事餐飲業17年，從來沒如此焦慮過，進入9月，每天的營業收入僅200至300元人民幣（下同），宛如進入12月寒冬。有資深業界資士預測，11月以後中國餐飲業可能再迎來倒閉潮。 根據中國網媒《紅餐網》 9月19日報導，史上「最慘淡」的暑假旺季剛結束，餐飲人又迎來「黑色9月」，很多門市的生意出現了斷崖式下跌。 報導指出，在廣州永慶坊經營牛雜咖啡店「cowcow其其」的創辦人Vincent表示，暑假結束後門市生意一落千丈，營業額只有暑假的50%左右。 在鄭州某商場經營麵館生意的李彬（化名）透露：「暑假期間每天還能賣1000多元，進入9月，每天只能賣200、300元，直接掉進『冰窟窿』。」 去年11月，小米（化名）在河南新鄉大學城附近經營一家45平方公尺（13.6坪）的酸辣粉小店，但9月開學以後，小店平日營業額大多在400元上下，只有週末才勉強突破600元，與上半年相比，營業額下降了2至3成。 在廣州大學城附近的GoGo新天地、貝崗商業街發現，一些單價相對更高的正餐、火鍋店，生意更慘淡；位於GoGo新天地2、3樓的淼福豬肚雞、竹湘園湘菜館等，用餐顧客僅個位數。 餐飲業資深觀察家杰哥表示，暑假是傳統的消費旺季，按理說生意應比5、6月至少增加2至3成，但杭州、北京、陝西等地，一些連鎖快餐品牌的營業額比去年8月普遍下降了2至3成。 一位在北京郊區開重慶小麵館的老板表示，今年暑假生意大幅下滑，8月的收入僅有8萬元出頭，與去年同期相比，跌幅超過了55%。 對於接下來的「十一黃金週」（中國國慶連假），很多餐飲人並不樂觀，甚至一些撐不住的業者已經提前離場。 報導指出，今年暑假尚未結束，在重慶旅遊地標鵝嶺二廠文創產業園區內開川菜小館的小柯（化名），就明顯感受到了壓力，營業額下降，每天只接待幾桌客人，每日收入僅幾百元，年跌40%，進入9月後，隨著遊客減少，園區內的餐飲生意更加冷清。小柯已經決定在「十一」前關店，不再續約承租。 杰哥預測，餐飲業倒閉潮可能在這個9月來臨，不然就在「十一」后開始，如果「十一」期間營業額依然低迷，許多餐飲人或許就沒有了繼續堅持下去的理由。 公開數據顯示，今年上半年中國有近106萬家餐廳倒閉，如果下半年剎不住車，到年底的總倒閉餐廳數量，可能超過200萬家。,"['財經', '國際財經']",
4810129,看好中國提振經濟 ! 鐵礦砂價格重回每噸99美元上方,2024-09-25 03:18:00+00:00,核稿編輯歐祥義,https://img.ltn.com.tw/Upload/business/page/800/2024/09/25/phpSveMMI.jpg中國推出振興房地產市場措施，激勵鐵礦石和銅價格強勁上漲。（路透）歐祥義／核稿編輯 〔財經頻道／綜合報導〕鐵礦石是今年表現最差的大宗商品之一，因中國經濟放緩損害了需求，鐵礦石近日曾跌至每噸95.40美元、即10個月低點。《彭博》指出，北京昨（24日）宣布採取一系列措施期望刺激經濟，有利振興房地產，帶動鐵礦石連續第二天強勁上漲，價格重回每噸99美元上方。 《彭博》指出，鐵礦石與中國房地產市場密切關聯，為主要煉鋼原料，昨日該煉鋼原料較週一收盤上漲約9%，回到每噸99美元上方。市場預計，鋼鐵原料報價的反彈，增加了鐵礦砂價格可能回升至3位數的可能性，倫敦銅、鋁和鋅均上漲，礦業股也強勁上漲。 報導指出，中國是海運鐵礦砂最大的消費國，其進口量約達鐵礦砂國際貿易約65%市占率，其表現會為全球市場定下基調。受中國經濟疲軟影響，鐵礦砂是今年大宗商品中跌幅最大的商品之一，基準價格下跌約三分之一。 ,"['財經', '國際財經']",
4810329,台綜院：AI帶動產業景氣熱絡 全球用電創2年來高峰,2024-09-25 03:16:00+00:00,核稿編輯林浥樺,https://img.ltn.com.tw/Upload/business/page/800/2024/09/25/php5IN6Xt.jpg台灣產業電力景氣燈號連續4個月呈揚升的黃紅燈。（資料照）林浥樺／核稿編輯 〔財經頻道／綜合報導〕台灣綜合研究院今（25）日發佈2024年8月份台灣EPI電力景氣指數，受到國內AI（人工智慧）相關產業發展暢旺，國內景氣持續增溫，全國產業用電需求攀升，用電量達到2年來高峰，全國產業高壓以上用電量較去年同期成長2.48％，整體產業電力景氣燈號連續4個月呈現揚升的黃紅燈。 美國聯準會（Fed）宣佈9月降息2碼（0.5個百分點），正式啟動新1波降息週期，全球經濟成長面臨趨緩風險，但新興市場仍以穩定速度成長。國內經濟在人工智慧、高效能運算等新興科技應用需求帶動下，相關供應鏈需求強勁，加上第3季進入電子業旺季，且傳統產業景氣持續回溫，整體產業景氣呈穩定復甦態勢。 8月份全國產業用電因產業景氣熱絡，用電量持續攀升成長，且外銷訂單連續6個月正成長，國內景氣展望樂觀看待，台綜院院預測，2024年8月份經濟成長率為3.5％。 綜觀來看，AI驅動半導體產業進入強勁的復甦循環週期，並引領產業供應鏈持續重組，帶動國內半導體設備擴充成長，相關傳統產業也雨露均霑。半導體業及電腦、電子及光學製品業因AI浪潮與旺季來臨而方興未艾，產業用電量均再創下新高點。歸結國內產業發展情勢持續樂觀正面看待，後續仍需審慎關注各國利率政策走向對國內產業影響力道。,"['財經', '證券產業']",
4810333,佳必琪CB競拍底價102元 AI業務帶旺全年,2024-09-25 03:15:00+00:00,記者方韋傑,https://img.ltn.com.tw/Upload/business/page/800/2024/09/25/4810333_1.jpg佳必琪看好受惠於電子產業旺季，加上AI伺服器業務持續成長，下半年業績可望顯著優於上半年表現。（記者方韋傑攝）〔記者方韋傑／台北報導〕連接器大廠佳必琪（6197）今天宣布，旗下無擔保可轉換公司債自本月25日起至27日下午2時，以102元的底價受理競拍，營運團隊看好受惠於電子產業旺季，加上AI伺服器業務持續成長，下半年業績可望顯著優於上半年表現，帶動全年營收再戰歷史巔峰。 佳必琪指出，本次辦理無擔保國內可轉換公司債公開承銷，採取公開競價拍賣方式，依投標價格高者優先得標，每一得標人應依其得標價格認購，預計對外發行 1萬張，募集金額逾10億元，預計資金將用於投入新產品開發、研發人才、設備暨軟體，並擴充海外子公司北越廠的機器設備、擴大產能，以及償還銀行借款。 佳必琪提到，旗下現正生產各領域採用的連接器及線束，業務範疇包含伺服器、資料中心、車用、工業及消費等領域，第2季財報在 AI 應用佔比拉高下，除了單季毛利率拉高35.4%，營益率、獲利也都達到高峰表現，下半年表現還有機會優於上半年，只要台幣貶勢不明顯反轉，合併毛利率不排除得以繼續走揚。 佳必琪主要連接器介面規格包含 Multi-Trak、MCIO、PCIE、M.2 等種類，且連接線規格包括AI伺服器所需的直連電纜（DAC）、主動式光纜（AOC ），現於台灣、越南、中國皆有生產基地，終端客戶包含歐美地區知名雲端服務供應商（CSP）與大型企業，且目前已成功打入輝達（NVIDIA）GB200 供應鏈。,"['財經', '證券產業']",
4810328,政府不只關心高科技 卓揆：明年編116億元 助中小微企業多元振興,2024-09-25 03:15:00+00:00,記者林菁樺,https://img.ltn.com.tw/Upload/business/page/800/2024/09/25/4810328_1.jpg工業區廠商聯合總會今天召開理監事會議，行政院院長卓榮泰出席。（記者林菁樺攝）〔記者林菁樺／台北報導〕行政院長卓榮泰今天（25日）出席工業區廠商聯合總會理監事會議，強調中小微企業是台灣最穩定的力量，政府不會只關心高科技尖端產業，明年度已編列116億元協助中小微產業多元振興，進行智慧化、低碳化雙軸轉型。 卓榮泰致詞提到，台灣是製造大國，軟體應用持續發展，但若不能導入產業使用，就只是在幫外國人進步，他說，「台灣的經濟體質一直不錯」，但集中在高科技產業，光有科技也不行，勞力補充是政府要協助廠商解決的問題，盼明年初廠商可以取得充沛的人力。 卓榮泰表示，政府已針對中小微企業多元振興方案，明年度編列預算116億元，包括AI、淨零等，進行雙軸轉型，經濟部也準備訓練人才，未來會培訓20萬AI人才，不能造成大家負擔，政府全力協助產業，與世界尖端潮流接軌。 勞動部長何佩珊致詞提到，關於最低工資調漲與缺工等議題。她說，最低工資又漲了，對於中小為企業會有一定衝擊，勞動部、經濟部會一起提出相對應的升級轉型方案，調漲基本工資是要讓大家都有好處，不會讓中小為企業造成負擔。 卓榮泰也說，對於基本工資審議，他只希望兩個目標，達到勞資和諧、對產業衝擊降到最小，希望經濟果實全民共享、勞工為產業盡心盡力，達到總統賴清德所期待的均衡台灣。 何佩珊也提到，明白「大家為缺工所苦」，勞動部責任是幫大家解決問題，最近的跨國勞動力審議委員會已經放寬個別廠商申請的天花板，還會繼續努力，至於移工留才久用政策，主要針對留用中階技術人員，加上家庭雇用等，約有2.2萬人，為了進一步解決缺工問題，也希望可以留下國內僑外生5.5萬人，但也必須創造可留下的環境條件。,"['財經', '財經政策']",
4810260,「股神」想清倉？波克夏再賣美銀 持股比例接近監管門檻,2024-09-25 03:03:00+00:00,核稿編輯林浥樺,https://img.ltn.com.tw/Upload/business/page/800/2024/09/25/phpEWcIQz.jpg股神巴菲特自7月起開始大賣美銀。（美聯社）林浥樺／核稿編輯 〔財經頻道／綜合報導〕「股神」巴菲特（Warren Buffett）旗下投資公司波克夏海瑟威（Berkshire Hathaway），近來頻頻出售美國銀行（Bank of America，簡稱美銀）股票。最新報導指出，波克夏海瑟威在9月20日至24日的這段期間，連續3個交易日賣出美銀股票，合計2156.1萬股，套現約8.63億美元，持股比例降至10.5%，逼近10%的監管門檻，若波克夏未來持股比例跌破10%，那就不需在幾天內對外披露交易情況。 《彭博》報導，巴菲特從7月中旬以來，不斷賣出美銀股票，但歷經數個月後，以週二（24日）收盤價換算，波克夏在美國銀行的剩餘股份價值仍高達321億美元，穩居第一大股東地位。 波克夏自2011年來首次投資美銀所累計的多年股利，以及從7月中旬以來的賣股收益，已經超過了波克夏投資美銀所花費的總成本146億美元。換句話說，巴菲特目前在美銀的投資早就回本，剩餘的美銀股份都是「純利潤」。,"['財經', '國際財經']",
4810255,全球僅3人！札克伯格躋身2千億美元俱樂部,2024-09-25 03:01:00+00:00,核稿編輯高佳菁,https://img.ltn.com.tw/Upload/business/page/800/2024/09/25/php10UrVY.jpgMeta執行長札克伯格（Mark Zuckerberg）。（彭博資料照）高佳菁／核稿編輯 〔財經頻道／綜合報導〕Meta股價狂飆帶動下，Meta執行長札克伯格（Mark Zuckerberg）的淨資產在今年以前所未見的速度成長，本週達到2000億美元（約新台幣6.37兆元）大關，為全球第3大富豪。 綜合外媒報導，根據彭博億萬富豪指數（Bloomberg Billionaires Index），全球目前共有18人淨資產達到千億美元以上，其中僅3人名列2千億美元俱樂部之中，分別為特斯拉（Tesla）執行長馬斯克（Elon Musk）、亞馬遜（Amazon）創辦人貝佐斯（Jeff Bezos）以及Meta執行長札克伯格。 札克伯格的財富在今年快速成長，Meta股價從1月以來飆升逾60％，站上每股560美元大關，推動札克伯格淨資產年初至今大增718億美元（約新台幣2.29兆元），成為全球財富成長最多的富豪。 貝佐斯今年重返2千億美元俱樂部，今年至今淨資產增加393億美元（約新台幣1.25兆元），達到2160億美元（約新台幣6.88兆元）。亞馬遜股價今年漲近30％，交易價格超過每股190美元，接近歷史高點。 全球首富馬斯克年初財富為2290億美元（約新台幣7.3兆元），至今成長389億美元（約新台幣1.24兆元），來到2680億美元（約新台幣8.54兆元）。 曾登上全球首富寶座的路易威登集團（LVMH）執行長阿爾諾（Bernard Arnault），在奢侈品需求持續惡化的影響下，跌出2千億美元俱樂部，今年至今身家蒸發242億美元（約新台幣7717.3億元），淨資產來到1830億美元（約新台幣5.83兆元）。 20年前創立臉書（Facebook）的札克伯格薪水只有象徵性的1美元，但透過「其他薪水」和手中大量的Meta股份彌補了這一點。根據Meta 4月的股東委託書，札克伯格是臉書母公司最大股東，持股3.455億股，除此之外，札克伯格今年還獲得了2440萬美元（約新台幣7.78億元）的「其他報酬」。 旗下擁有臉書Instagram、Threads和WhatsApp的Meta，今年表現相當出色，札克伯格將此歸功於公司對AI（人工智慧）的關注。札克伯格在7月的財報表示，到今年底，Meta AI預計將成為全球使用最廣泛的AI助理。,"['財經', '國際財經']",
4810311,台積電CoWoS擴產以嘉義為主  將增加用地,2024-09-25 02:59:00+00:00,記者洪友芳,https://img.ltn.com.tw/Upload/business/page/800/2024/09/25/phpihKSBD.jpg未來嘉義園區將是台積電先進封裝的生產重鎮，中央部會將再擴編用地，滿足台積電需求。（資料照）〔記者洪友芳／新竹報導〕晶圓代工龍頭廠台積電（2330）因應AI晶片強勁需求， 正積極擴充先進封裝CoWoS產能，投資擴產從既有北中南科學園區延伸到嘉義園區，據了解，未來嘉義園區將是台積電先進封裝的生產重鎮，中央部會將再擴編用地，滿足台積電需求，屏東還不是台積電敲定要去投資設廠之地。 針對投資設廠，台積電今回應，設廠地點選擇有諸多考量因素，台積電以台灣作為主要基地，不排除任何可能性。公司持續與科學園區管理局合作評估在適合半導體建廠之用地，一切資訊以公司對外公告為主。 台積電目前設立封測廠龍潭、竹科、竹南、南科、中科，新增的嘉義園區正在建廠中，占地約20公頃將蓋兩座廠，其中，第一座廠規畫面積約12公頃，預計2026年底完工，但5月底在地質鑽探作業時疑似發現遺跡，經嘉義縣文資委員會審議開挖保存，台積電委託考古廠商挖掘，並先建第二座廠。 因應AI晶片強勁需求，台積電持續擴充先進製程，先進封裝也跟著同步需求增加，據了解，未來嘉義園區將是台積電先進封裝的生產重鎮，國科會等中央部會將再擴編用地，以滿足台積電投資先進封裝建廠需求，屏東還不是台積電要去投資設廠之地，只能說，未來若有用地需求，進一步評估可能性高，一切取決中央與地方配套建設。 台積電目前持續擴充CoWoS先進封裝產能，自家產能今年預計倍增，明年也將較今年倍增，並與專業封測廠合作，以滿足客戶需求。台積電在先進封裝相關技術整合為「3DFabric」平台，包括整合晶片系統（SoIC）、整合型扇出（InFO）及CoWoS系列家族。,"['財經', '證券產業']",
4810123,小摩獨排眾議！認高通併英特爾如吃「大補丸」衝擊台積電、三星,2024-09-25 02:42:00+00:00,核稿編輯高佳菁,https://img.ltn.com.tw/Upload/business/page/800/2024/09/25/php3krqny.jpg日前高通（Qualcomm）傳出有意併購英特爾（Intel）。（彭博資料照）高佳菁／核稿編輯 〔財經頻道／綜合報導〕日前高通（Qualcomm）傳出有意併購英特爾（Intel），可能成為科技業有史以來最大的併購案之一，儘管市場多半認為可行性不高，但據摩根大通（JPMorgan Chase）認為，一旦交易完成，將締造1個囊括客戶端運算、汽車晶片與資料中心CPU領域的新霸主，但同時也將對亞洲供應鏈產生衝擊，對台積電來說是利空消息，並對三星（Samsing）造成重大打擊。 《華爾街見聞》報導，摩根大通分析師Gokul Hariharan AC、Robert Hsu、Lakshya Jain在週一（23日）的報告中指出，目前高通是行動運算領域的市場領導者，而英特爾則在PC與伺服器CPU市場居於主導地位。 如果高通與英特爾合併，將變成1個在PC CPU、智慧手機系統晶片與資料中心CPU市場均擁有最高市占率的巨擘，並能憑藉持有的Mobileye多數股權，在先進駕駛輔助系統（ADAS）與自動駕駛技術領域站穩強勢地位。 摩根大通認為，這樣的合併將使高通在亞洲半導體供應鏈中擁有更高的議價能力，市場可能將此視為對亞洲科技產業鏈的「威脅」，尤其是在高通的ARM架構未能衝擊PC市場的背景下，此併購將有助高通在PC CPU市場中取得領先優勢。 雖分析師表示，如果高通併購英特爾，對其代工廠的影響仍不明確，但一直以來，高通都是家無晶圓廠企業，而經營1家先進代工廠可能需要龐大的資本支出。 因此分析表示，若高通將英特爾代工廠剝離為獨立實體，同時確保大量訂單，恐將不利於台積電。 分析報告中還指出，對三星而言，高通併購英特爾帶來的風險可能更為嚴重。由於高通一直是三星新工藝製程的主要客戶，如果高通未來將晶圓代工訂單分配給英特爾代工廠與台積電，將對三星的代工目標市場造成重大打擊。,"['財經', '國際財經']",
4810145,成功人士建立人際關係第1件事 專家：2訣竅建立自我意識,2024-09-25 02:40:00+00:00,核稿編輯高佳菁,https://img.ltn.com.tw/Upload/business/page/800/2024/09/25/phpkups0l.jpg成功人士建立人際關係第1件事建立自我意識（歐新社）高佳菁／核稿編輯 〔財經頻道／綜合報導〕無論是在工作場所或個人生活中，建立人際關係都可能很困難，但有些人就是有這方面的訣竅，專家表示，成功人士建立人際關係第1件事就是建立自我意識，透過識別與他人互動的模式和觀察周遭的其他關係，則是建立自我意識的訣。 CNBC報導，生活教練弗朗西斯卡·霍吉 （Francesca Hogi）表示，非常成功的人建立人際關係的方式，實際上並不是把人際關係視為理所當然，他們努力提升溝通技巧，尊重他人的界限，並且清楚自己的界限。 霍吉指出，成功人士做的另一件事，是對他們如何與他人互動建立自我意識。我認為這是對關係進行審核。 霍吉進一步指出，獲得自我意識的一種方法，是識別與他人互動的模式。問問自己，我在人際關係中的優勢是什麼，我可以在哪些方面做得更好？ 舉例，有些人非常擅長充當參謀，但也許他們不擅長表現出脆弱和讓自己被別人看到；有些人可以很快地與人親近，但當遇到障礙時就會將他們推開。 霍吉建議，誠實地審視你在人際關係中如何處理自己，並記下你容易做什麼。 而要更了解你如何與人相處的另一種方法，是觀察周遭的其他關係。 霍吉說，你可以看看生活中的其他人，這可以幫助你提供一些信息，如「他們不耐煩嗎？他們是否全神貫注於對面的人？然後問自己，我的版本是什麼？」 最終，盤點你的人際關係的目的是看看你可以如何改進。 霍吉說，建立牢固的關係來自於一系列“你可以培養的技能”，“但首先必須認識到這些技能是技能，並認識到它們還有成長的空間。請記住，當您這樣做時，不要對自己太苛刻。霍吉說，沒有人的行為是完美的。,"['財經', '國際財經']",
4810195,養不起！芬蘭動物園提前8年歸還2隻大貓熊,2024-09-25 02:29:00+00:00,核稿編輯高佳菁,https://img.ltn.com.tw/Upload/business/page/800/2024/09/25/phpc2madd.jpg因無法再負擔大貓熊高昂的養護費用，芬蘭艾赫泰里動物園將於今年11月把「華豹」與「金寶寶」2隻旅居芬蘭的大貓熊提前歸還中國。（歐新社）高佳菁／核稿編輯 〔財經頻道／綜合報導〕外媒報導，芬蘭艾赫泰里動物園（Ahtari zoo）因無法再負擔大貓熊高昂的養護費用，將於今年11月、提前8年把2隻旅居芬蘭的大貓熊歸還中國。 綜合媒體報導，貓熊被中國封為國寶動物，中國政府也常把貓熊作為「外交禮物」提供租借或送給他國，藉此提升國家特色且建立國際友誼。 中國與芬蘭在2017年4月簽署為期15年的大貓熊保護研究相關文件，2018年1月將大貓熊「華豹」與「金寶寶」送到芬蘭艾赫泰里動物園，盼能吸引遊客前來觀賞。 但未料不久後就碰到武漢肺炎疫情爆發，旅行受限制，遊客不來，艾赫泰里動物園因為收入短缺以及龐大的飼養成本導致債台高築。儘管艾赫泰里動物園曾獲得芬蘭政府近20萬歐元（約新台幣713萬元）的一次性補助，但仍然不堪負荷，也讓園方萌生將貓熊提前送回中國的想法。 最新進展，中國野生動物保護協會本月24日於微信公眾號宣布，經中芬雙方友好協商，從優先保障大貓熊健康和福祉的角度出發，共同決定在今年內提前將「華豹」、「金寶寶」2隻旅居貓熊送返中國。 艾赫泰里動物園主席西沃寧（Risto Sivonen）表示，2隻大貓熊將很快接受為期1個月的隔離檢疫期，預計將於11月返回中國。 對此，芬蘭外交部發言人回應表示，歸還大貓熊是動物園的商業決定，不涉及芬蘭政府，不應影響兩國關係。  ,"['財經', '國際財經']",
4810246,焦點股》鴻海：全新MODEL D發布倒數 股價先行,2024-09-25 02:10:00+00:00,記者方韋傑,https://img.ltn.com.tw/Upload/business/page/800/2024/09/25/4810246_1.jpg鴻海昨天表示，集團即將於今年科技日活動釋出電動原型車MODEL D。（鴻海提供）〔記者方韋傑／台北報導〕鴻海（2317）10月8日科技日活動現已進入揭開序幕的倒數階段，該集團除了AI伺服器持續貢獻，管理層昨日更進一步預告旗下即將發表電動原型車MODEL D，帶動股價今日早盤站回190元大關，截至上午9時57分暫報189.5元，漲幅暫報3.55%，成交量逾7萬張。 鴻海昨天表示，集團即將於今年科技日活動釋出的電動原型車MODEL D ，攜手義大利頂尖設計汽車設計商Pininfarina合作，該公司專注於將美學與技術融合，進行客製化製造專案，為法拉利、瑪莎拉蒂、賓士AMG等品牌創造經典之作。 鴻海指出，集團科技日自2020年開始舉辦，迄今邁入第5年，去年將3+3發展策略融入智慧製造、智慧電動車、智慧城市3大智慧平台，今年將著重於AI應用的導入，以及釋出全新的智慧電動車解決方案，旗下研究院也預計透過前瞻性論壇，向外界分享鴻海的成功經驗。 ,"['財經', '證券產業']",
4810144,製造業難融入 ?美媒指高通併英特爾風險大,2024-09-25 02:04:00+00:00,核稿編輯歐祥義,https://img.ltn.com.tw/Upload/business/page/800/2024/09/25/phpgE7La5.jpg外媒指出，市場專家們似乎對高通想收購英特爾一事持高度懷疑的態度。（彭博）歐祥義／核稿編輯 〔財經頻道／綜合報導〕高通（Qualcomm）有意收購英特爾的傳聞，仍在市場持續發酵中，市場專家們似乎對高通交易的進行持極度懷疑的態度。對此，伯恩斯坦的晶片分析師團隊毫不拐彎抹角地說，「希望高通不要這麼做，考慮到回報的不確定性，這樣的策略似乎風險很大」。 《Business Insider》指出，英特爾有設計和製造兩大業務，但高通也只會設計晶片，因此英特爾的製造業務如何融入高通是這樁交易的另一個實際障礙。除非高通在收購英特爾之後，出售製造業務給另一個買家，但問題是「英特爾的製造業務幾乎沒有客戶，甚至技術落後於台積電」。 晶片分析團隊表示，早年英特爾能同時做到晶片設計和製造這兩件事情，但現在晶片公司通常只專注其中之一，就如輝達（NVIDIA）設計晶片，然後委託台積電等少數製造商生產。因此，英特爾兩者兼具下，實際上對營運是造成了傷害。 該團隊認為，台積電（TSMC）專注於製造，這有助於非常擅長極其複雜的工藝。台積電與許多不同的參與者合作，但英特爾只製造自己的晶片設計，甚至連英特爾也讓台積電製作了一些設計。事實證明，在尖端行動和人工智慧晶片時代，獲得所有這些不同的經驗對台積電特別有益，這是最終的勝利。 該團隊指出，高通考慮收購英特爾的著眼點在於，英特爾仍然非常擅長為個人電腦和伺服器（資料中心使用的電腦）設計晶片，這些業務可將互補高通現有的產品線。 《siliconangle》指出，過去20年半導體市場發生巨大變化，AMD和IBM等公司退出了代工業務。 Arm 利用智慧型手機革命並徹底顛覆了既定的商業模式。當2011年PC銷售達到頂峰時，英特爾的壟斷地位開始被削弱，台積電成為主導製造商。 與此同時，南韓三星與許多其他公司一起崛起，其中包括蘋果、AWS、特斯拉等大量新穎的晶片設計公司。 雖然英特爾曾經是半導體設計和製造的領導者，但過去十年卻未能跟上摩爾定律的步伐，其特點是從「tick-tock」模式轉變為「tick-tock、tock、tock、tock」模式，這反映了創新和代工利用方面的挑戰。因此，英特爾在產品設計和代工製造流程技術方面的主導地位被台積電取代。,"['財經', '國際財經']",
4810241,美東碼頭罷工倒數 全球航商運10月價齊喊漲,2024-09-25 02:01:00+00:00,核稿編輯歐祥義,https://img.ltn.com.tw/Upload/business/page/800/2024/09/25/phpglVi3Z.jpg美東港口碼頭勞資談判陷僵局，罷工恐在10月1日成真，可能引發全球搶艙和新一波運價漲價潮。（示意圖，彭博資料照）歐祥義／核稿編輯 〔財經頻道／綜合報導〕美東港口碼頭勞資談判陷僵局，罷工恐在10月1日成真，全球供應鏈恐受大衝擊，可能引發全球搶艙和新一波運價漲價潮，近幾日全球航運股近日表現強勁，台灣航運三雄今（25）日股價也跟著漲。 根據《路透》報導，週一美國海事聯盟（USMX）表示，在國際碼頭工人協會於10月1日對美國東海岸和墨西哥灣進行港口罷工之前，美國勞工部已與該組織聯繫。 為了因應美東碼頭罷工，全球大型航商紛紛對美東港口祭出相關附加費，包含貨櫃三雄長榮（2603）、陽明（2609）、萬海（2615），以及馬士基（Maersk）、達飛（CMA CGM）、赫伯羅德（Hapag Lloyd）等，將於10月中下旬加收各式港口附加費，每20呎櫃費用為800至2400美元不等，40呎櫃為1000至3000美元不等。 其中，馬士基（Maersk）宣布自10月21日起收取當地港口干擾附加費，預計每TEU（20呎標準櫃）收1500美元，每FEU（40呎標準櫃）收3000美元，45呎貨櫃則收費3780美元。 受此消息激勵，昨（24）日萬海以漲停價90.7元收盤，今以92.1元盤，至上午9點44分，漲2.21%、報每股92.5元；陽明昨收67.5元，今68.9元開盤，上午9點44分，漲0.44%、報每股67.9元；長榮則以205元開盤，至9:44分，漲0.25%、報每股204.5元。,"['財經', '國際財經']",
4810154,涉抵制新疆棉等產品！美國服裝巨頭遭中國商務部調查,2024-09-25 01:59:00+00:00,即時新聞,https://img.ltn.com.tw/Upload/business/page/800/2024/09/25/phpMGOy6o.jpgPVH集團是全球服裝巨頭，旗下擁有Calvin Klein、Tommy Hilfiger等知名暢銷品牌。（路透資料照）〔即時新聞／綜合報導〕中國商務部24日發布公告，對美國PVH集團啟動「不可靠實體清單」調查，要求該集團限期說明3年內否存在對涉及新疆產品採取歧視性措施，理由是該集團抵制新疆棉，嚴重損害中國企業權益，危害中國主權、安全與發展。 據中國商務部網站聲明，有關機構近期向「不可靠實體清單工作機制」建議、舉報，美國PVH集團涉嫌在缺乏事實依據的情況下，違反正常的市場交易原則，「無端抵制」新疆棉花等產品，嚴重損害有關中國企業合法權益，危害中國主權、安全和發展利益。 按照《不可靠實體清單規定》，不可靠實體清單工作機制決定對PVH集團有關行為啟動調查，並將根據調查結果採取相關措施。 PVH集團是全球服裝巨頭，旗下擁有Calvin Klein、Tommy Hilfiger等知名暢銷品牌。若被中國列入「不可靠實體清單」，將被禁止從事與中國有關的進出口活動。 中國商務部並在聲明中表示，美國PVH集團應在本公告公布日起算30天內，向不可靠實體清單工作機制辦公室提供書面資料、證明以及調查機關需要的其他資料，說明近3年內是否存在對涉及新疆產品採取歧視性措施等問題。 調查期間，任何單位及個人均可向不可靠實體清單工作機制辦公室反映美國PVH集團違反的正常市場交易原則，針對涉疆產品，中斷與中國企業、其他組織或者個人的正常交易、採取歧視性措施等情況，並應提供相關證據。 中國商務部同時強調，中國政府堅定不移推動高水準對外開放，堅定維護多邊貿易體制，堅定維護各類市場經營主體合法權益。中國一貫審慎處理不可靠實體清單問題，僅針對極少數破壞市場規則並違反中國法律的外國實體，「誠信守法的外國實體完全無需擔心」。 美國自2021年起以強迫勞動的疑慮為由，禁止進口來自新疆的產品。PVH集團官網目前置放一項「新疆維吾爾自治區全球合規聲明」，表示該集團遵守開展業務所在地區適用的法律和法規，包括美國政府有關新疆維吾爾自治區的政策。 中國商務部2月16日公告，將參與對台灣軍售的洛克希德馬丁公司（Lockheed Martin Corporation）、雷神導彈與防務公司（Raytheon Missiles & Defense）列入不可靠實體清單，禁止2家美國軍工企業從事與中國有關的進出口活動，還分別處以罰款，金額為「不可靠實體清單規定」實施以來各企業對台軍售合約金額的2倍。 今年5月20日，中國商務部再度公告，將參與對台軍售的美國通用原子航空系統公司（General Atomics Aeronautical Systems）、美國通用動力陸地系統公司（General Dynamics Land Systems）列入不可靠實體清單並予以制裁。,"['財經', '財經政策']",
4810231,供給潮推升辦公室租金？單價3300元在北市蔓延,2024-09-25 01:58:00+00:00,記者徐義平,https://img.ltn.com.tw/Upload/business/page/800/2024/09/25/4810231_1.jpg今年4月才興建完成的「皇翔台北廣場」，最高租金單價突破3800元。 （記者徐義平攝）〔記者徐義平／台北報導〕隨著北市辦公室供給潮出現，辦公室租金單價每月每坪3300元以上也從信義計畫區往其它行政區蔓延，目前大安區「敦南之森」、大同區「皇翔台北廣場」以及士林區「CAAM承德168大樓」等三處新落成大樓，最新實價揭露租金單價均為3300元起跳。 根據內政部實價網最新揭露，「敦南之森」（敦南安和公辦都更案）目前已有3、4、6樓等3筆租金實價揭露，以6樓承租面積以及月租金最高，每月租金為115.71萬元、承租面積約357.86坪（包括3車位、約33.93坪），3個車位月租金為3.45萬元，拆算辦公室每月每坪租金單價約3464元，至於，3、4樓每月每坪租金單價分別為3464、3359元。 而今年4月才興建完成的「皇翔台北廣場」也有最新兩筆租金實價，其中9樓月租金96.45萬元、承租面積約262.46坪，拆算每月每坪租金單價約3676元，另一筆為16樓，月租金58.12萬元、承租面積約152.81坪，拆算每月每坪租金單價約3805元。 至於，「CAAM承德168大樓」，5月揭露一筆12至20樓共9個樓層、81個車位的辦公室租金實價，每月租金高達1317.15萬元、承租面積約4212.5坪（包括81個車位、約626.94坪），拆算每月每坪租金單價約3322元。 第一太平戴維斯研究部資深協理丁玟甄指出，近期多棟新的辦公大樓完工，揭露行情明顯高出同一商圈的中古辦公大樓，租金行情甚至高出3成以上。 小標：新辦公樓租金高出3成 今年景氣表現佳，企業在搬遷的預算與動能，都較去年增溫。另外，由於多個商圈長期沒有新大樓釋出，企業在同一商圈擴編的意願強勁，再加上部分房東僅有少數辦公大樓資產，在租金堅持等多重因素混合之下，也使得部分新大樓的租金表現優於預期。 高力國際業主代表服務部董事黃舒衛表示，從皇翔台北廣場、寶紘凱越敦南之森、振業化工CAAM承德168，三棟分居商圈樓王的現象來看，綠色商辦已經成為市場潮流，而且不以國內綠建築EEWH為滿足，以國際認證、頂標認證為使命，甚至後續以綠色物管專業加持，也將成為業主永續經營的必要承諾。＃,"['財經', '房產資訊']",
4810194,川普誓言重振美國製造 放話將「搶走」海外就業機會,2024-09-25 01:58:00+00:00,核稿編輯高佳菁,https://img.ltn.com.tw/Upload/business/page/800/2024/09/25/phpGrv4XD.jpg美國前總統、共和黨總統候選人川普（Donald Trump）。（法新社）高佳菁／核稿編輯 〔財經頻道／綜合報導〕美國前總統、共和黨總統候選人川普（Donald Trump）週二（24日）表示，如果自己在這次大選後重返白宮，將持續推動企業減稅、擴大關稅，透過這些經濟政策重振美國製造業，並稱，美國將藉此「搶走」海外製造業的就業機會。 綜合外媒報導，川普週二出席喬治亞州薩凡納（Savannah）競選活動時，談到對「製造業復興」的想法，重申自己將懲罰在海外生產的美企，並對外國製造的產品徵收高額關稅，藉此保護美國本土工業，川普表示，這將使數百萬的就業機會從海外進入美國。 川普指出，在這樣的願景下，華府不只會阻止美企流向外國，還將搶走其他國家的就業機會。川普補充，選民如果將票投給川普，將看到製造業大規模從中國流向賓州，從南韓流向北卡羅萊納州，從德國流向喬治亞州。 川普也提到，考慮將那些在美國製造產品的企業稅率從21％降至15％，同時繼續推動對進口商品徵收「高額關稅」，並提議設置實施針對美國製造商的監管規範和超低稅率的「特別製造區」。 川普表示，如果再次當選，將對所有進入美國的進口商品加徵高達20％的關稅，並對所有中國產品加徵高達60％，而那些「不再使用美元的國家」則將課徵100％的關稅。 川普補充，將對墨西哥製造的汽車徵收100％或200％的關稅，這將阻止中企在墨西哥設汽車工廠，以規避美國關稅。川普指出，如果你的產品不是在這裡生產，那麼當這些產品要運往美國時，將不得不支付高額關稅。,"['財經', '國際財經']",
4810134,美股5年來有望迎來9月上漲！專家籲不要太樂觀：2因素10月恐回撤1％,2024-09-25 01:56:00+00:00,核稿編輯高佳菁,https://img.ltn.com.tw/Upload/business/page/800/2024/09/25/phpRZaSK5.jpg美股5年來有望迎來9月上漲！（美聯社）高佳菁／核稿編輯 〔財經頻道／綜合報導〕美股9月將迎來5年來首次上漲！S&P 500有望在9月份繳出亮麗成績單，這是自2019年以來的第1次漲幅超過1%，不過，專家提醒不要太樂觀，消費者是經濟前景關鍵，加上資料顯示，美股在大選年10月平均回撤近1%。 CNBC報導，根據Stock Trader's Almanac的數據，對於所有3個主要平均指數和羅素 2000 指數來說，這個月通常是1年中平均最糟糕的一段。 今年9月份表現亮眼，部分原因可能歸因於聯準會上週的超大規模降息，加上下半週公佈每週初請失業金人數報告好於預期，提振了主要平均指數，這種勢頭一直持續到本週，S&P 500週一（23日）創下新的收盤紀錄，週二創下盤中續創歷史新高，儘管消費者信心報告差於預期。 世界大型企業聯合會（Conference Board）9月份的消費者信心指數創下3年多來的最大單月跌幅，任何令人擔憂的經濟數據，對於投資者尋求聯準會降息決定不會冒經濟衰退的風險來說仍然是一個阻力。 本月迄今的股票表現仍與歷史先例不一致，CIBC 私人財富管理固定收益主管 Gary Pzegeo 表示，消費者是經濟前景的關鍵，今天的失誤會讓你認為聯準會將傾向於市場要求以更快的速度進行更多降息。 展望未來，由於2024年大選，投資者還將不得不應對歷史上處於歷史低迷狀態的10月，根據股票交易員年鑒，基準S&P 500通常在選舉年的10月份平均回撤近1%。,"['財經', '國際財經']",
4810130,黃仁勳提前完成賣股！3個月套現金額「好驚人」,2024-09-25 01:44:00+00:00,核稿編輯林浥樺,https://img.ltn.com.tw/Upload/business/page/800/2024/09/25/phpyBJ0Dh.jpg黃仁勳在3個月內共賣出600萬股輝達股票，套現7.13億美元（約228.97億元新台幣）。（彭博）林浥樺／核稿編輯 〔財經頻道／綜合報導〕輝達執行長黃仁勳最近完成了在今年初設定的賣股計劃，在3個月內共賣出600萬股輝達股票，套現7.13億美元（約228.97億元新台幣）。 黃仁勳在今年3月時，依據美國證券交易法10b5-1所排定好一系列交易，當時輝達提交給SEC的申報文件顯示，黃仁勳將在2025年3月31日前，出售最多60萬股輝達股票，但輝達後來進行「1拆10」的拆股，黃仁勳會依照該計劃賣出600萬股輝達股票。 黃仁勳從6月14日至9月13日這段期間，分批出售股票，每次交易數量少則70股，多則7萬5300股，賣出價格最低是8月5日的91.72美元，最高則是6月20日的140.24美元。 總而言之，黃仁勳根據10b5-1制定的這次交易計劃，共套現了7.13億美元，每股平均交易價格為118.83美元，雖然該交易計劃原定於2025年3月才會結束，不過提前6個月就達成計畫預設上限。 根據黃仁勳向SEC提交的文件，他的個人帳戶目前持有7540萬股輝達股票。此外，他通過信託和合夥企業擁有7.86億股輝達股票。此外，黃仁勳是輝達最大的個人股東。截至3月底，他持有輝達3.8%的股份，這是在他2024年賣股之前的數據。 輝達股價週二（24日）收120.87美元，漲幅3.97%。,"['財經', '國際財經']",
4810196,焦點股》創意：奪3奈米AI大單！跳空漲停,2024-09-25 01:32:00+00:00,記者卓怡君,https://img.ltn.com.tw/Upload/business/page/800/2024/09/25/4810196_1.jpg創意總經理戴尚義。（記者卓怡君攝）〔記者卓怡君／台北報導〕矽智財（IP）暨ASIC（特殊應用晶片）廠創意（3443）宣布3奈米HBM3E控制器和實體層IP已獲領先業界的雲端服務供應商（CSP）及多家高效運算（HPC）解決方案供應商採用，預計今年投片，並將採用最新的9.2Gbps HBM3E記憶體技術，在此利多題材激勵下，創意今日股價開盤跳空漲停。 創意今日開盤直接漲停，漲停價1170元，排隊委買張數逾700張。 創意指出，公司積極與HBM記憶體供應商例如美光科技合作，致力於開發下一代HBM4 IP，以應對未來更多元化的應用需求。公司HBM3E IP方案在技術上領先市場，並已通過台積電（2330）先進製程技術的矽驗證，包括N7／N6、N5／N4P、N3E／N3P製程。此外，創意的IP亦通過所有主流HBM3供應商的矽驗證，確保其解決方案的兼容性與穩定性。 ,"['財經', '證券產業']",
4810193,焦點股》廣達：GB200助攻 股價喊衝,2024-09-25 01:31:00+00:00,記者方韋傑,https://img.ltn.com.tw/Upload/business/page/800/2024/09/25/4810193_1.jpg廣達（2382）受惠於輝達（NVIDIA）GB200訂單量持續成長，法人看好2025上半年淡季不淡。（彭博檔案照）〔記者方韋傑／台北報導〕廣達（2382）受惠於輝達（NVIDIA）GB200訂單量持續成長，受法人看好2025上半年淡季不淡，今開盤股價大漲5.84%，截至上午9時12分暫報269.5元，漲幅5.07%，成交量超過1.2萬張。 法人表示，由於廣達旗下AI伺服器業務持續成長，將帶動集團非PC營收進一步擴大佔比，此外，廣達在車用電子領域同步深化與歐美、日系車廠供應鏈的合作關係，燃油車、電動車的電子控制器以及軟體滲透率將繼續提升。 法人預估，廣達2024年總營業額可望達到1.43兆元，較去年成長31.86%，2025年受惠非PC營收領域顯著成長，除了車用業務加入新客戶做出供應，輝達GB200訂單也將大幅挹注營運表現，伺服器全年業績上看2.25兆元、年增57.16%。 ,"['財經', '財經政策']",
4810191,焦點股》訊舟:擴大布局印度 市場叫好,2024-09-25 01:29:00+00:00,記者王憶紅,https://img.ltn.com.tw/Upload/business/page/800/2024/09/25/4810191_1.jpg訊舟擴大布局印度市場。（擷取官網）〔記者王憶紅／台北報導〕網通股訊舟（3047）今日開高震盪走高，盤中一度觸及漲停42.1元，截至9:17，股價來到41.15元，上漲2.85元，漲幅7.44%。 訊舟昨日舉行法說，訊舟指出，與子公司康全（8089），對印度市場寄與厚望，訊舟不僅在印度成立子公司，也會持續擴大在印度的佈局，包括投資研發及工廠，預期2025年會陸續看到，印度是訊舟集團未來重點。 值得注意的是，康全大客戶 NetComm 破產清算部分，康全電訊上半年認列 1.06 億的壞帳，近期收到債權分配款項296萬美元，折台幣9458.5萬元，可望在第3季認列回沖，挹注訊舟、康全第三季獲利表現。 訊舟子公司康全電訊已成功打入印度市場，因印度第二批訂單尚未開標，預期今年度出貨高峰到第三季，第二批訂單預期第四季才會開標，因此康全下階段出貨高峰可望落在明年3月。 ,"['財經', '證券產業']",
4810176,高雄市今年前八月房地合一稅收六十億元 年增1倍,2024-09-25 01:27:00+00:00,記者侯承旭,https://img.ltn.com.tw/Upload/business/page/800/2024/09/25/4810176_1.jpg高雄市今年前八個月的房地合一稅收超過六十億元。（記者侯承旭攝）〔記者侯承旭／高雄報導〕高雄市今年以來房市轉趨熱絡，前八個月的房地合一稅實徵金額超過60億元，比去年同期成長百分之百。 根據財政部統計，今年1至8月，全國的房地合一稅實徵金額達437億元，六都部分台中市實徵金額達81.8億元最高，其次是新北市的77億元，高雄市以64.2億元居第三。 若與去年同期相比，全國今年前8個月房地合一稅收增加了92%，高雄市的稅收增幅為101%，增加了一倍，增幅高於全國平均值，是房地交易最火熱的縣市之一。 房仲人士分析，高雄近幾年招商成績有目共睹，在高雄購屋的民眾，因房價漲幅已達滿足點，獲利了結意願增加，且空手者追價意願也高，交易量如火山爆發，加上房價漲幅不小，因此房地合一稅稅收大幅增加，隨著央行管制措施趨緊，高雄房市是否降溫仍待觀察。,"['財經', '財經政策']",
4810171,美系客戶新AI手機助攻 優群樂看9月續寫新猷,2024-09-25 01:25:00+00:00,記者方韋傑,https://img.ltn.com.tw/Upload/business/page/800/2024/09/25/4810171_1.jpg優群（3217）總經理劉興義看好下半年整體出貨較上半年翻倍成長。（記者方韋傑攝）〔記者方韋傑／台北報導〕連接器廠優群（3217）受惠於智慧型手機大客戶新機上市，加上既有機種持續銷售，帶動優群9月營收將超越8月創下的單月歷史新高紀錄，此外，利基型連接器也同步持續提升市場滲透率，在前8個月營業額創高之下，全年業績表現可望續寫新猷。 優群美系智慧型手機客戶本月甫發表第16代系列新機，總經理劉興義表示，旗下微型沖壓件除了按照進度出貨給下游組裝廠，也受客戶去年發布的既有機種持續導入使用，在客戶新舊產品助攻之下，優群微型沖壓件全年出貨可望年增3成，成為今年主要成長動能之一。 此外，與8月法說會大致相同的是，優群利基型連接器SO-DIMM 於第5代雙倍資料率同步動態隨機存取記憶體（DDR5）的應用前景持續看好，除了第2季的市場滲透率已超越3成，在第3季、第4季可望接連突破4成、5成大關，為下半年營運動能增添柴火。 從上半年來看，優群SO-DIMM業績已佔整體33.4%、M.2為29.9%、Type-C 達11.8%、Long-DIMM佔10.4%、Metal Bar達6.6%、其他7.9%，儘管Long-DIMM前7月表現僅與去年同期持平，不過全年仍可呈現增加態勢，下半年整體出貨動能較上半年翻倍成長，合併毛利率也將優於去年同期。,"['財經', '證券產業']",
4810170,台積電重返千金股 市值攀達逾26兆元,2024-09-25 01:23:00+00:00,記者洪友芳,https://img.ltn.com.tw/Upload/business/page/800/2024/09/25/phpeav04Y.jpg台積電重返千金股 市值攀達逾26兆元〔記者洪友芳／新竹報導〕美股上漲，輝達、台積電ADR各飆漲4％，帶動台積電（2330）今股價重返千元，飆1千元開出，上漲13元、漲幅1.32%，截至9點05分，股價來到1005元，市值攀升到26兆元之上。 美國聯準會降息，中國也展開救市，美股24日震盪後走高，道瓊連4個交易日創收盤新高，上漲83.57點、0.20％，標普500指數也創新高紀錄，漲14.36點、0.25％，費城半導體指數上漲65.97點、1.31％。 外資新發布報告指出，因客戶群對人工智慧（AI）的需求有增無減，台積電CoWoS產能擴張將提早一年出現。並上調台積電明年的預估CoWoS產能、資本支出、營收及獲利，並將目標價從1220元上調到1280元，維持「優於大盤」投資評等。,"['財經', '財經政策']",
4810142,美司法部起訴Visa壟斷市場 影響「幾乎所有物品」價格,2024-09-25 01:20:00+00:00,核稿編輯歐祥義,https://img.ltn.com.tw/Upload/business/page/800/2024/09/25/phpEhuzHI.jpg美國司法部週二（24日）起訴全球最大支付網路Visa。（路透資料照）歐祥義／核稿編輯 〔財經頻道／綜合報導〕美國司法部週二（24日）起訴Visa，稱這個全球最大支付網路透過對合作夥伴實施「排他性」的協議，並打壓新創公司，藉此達到簽帳金融卡市場的非法壟斷，且Visa收取的額外費用，幾乎影響所有物品的價格。 《CNBC》報導，美司法部表示，Visa多年以來的行動，已導致美國消費者和商家支付數十億美元的額外費用，司法部長賈蘭德（Merrick Garland）指出，Visa非法累積了收取費用的權力，遠遠超出了在競爭性市場中可以收取的費用。 根據訴狀，美國有超過60％的簽帳交易透過Visa進行，使得該公司每年收取超過70億美元（約新台幣2232.6億元）的手續費。 賈蘭德表示，商家和銀行透過提高價格，或是降低品質、服務，將這些成本轉嫁給消費者，因此Visa的非法行為影響的不只是單一物品的價格，幾乎是所有物品的價格。 隨著消費者在實體商店和電商擴大使用信用卡、簽帳金融卡，取代了現金消費，Visa和競爭對手萬事達卡（Mastercard）在過去20年內快速成長，合計市值達到約1兆美元（約新台幣31.8兆元）。這兩家公司在本質上是「收費員」，為商家和持卡人在銀行之間付款。 Visa表示，司法部的訴訟「毫無根據」。總法律顧問羅特伯格（Julie Rottenberg）指出，Visa只是藉由簽帳金融卡領域不斷成長的競爭者之一，其他進入市場的對手也正蓬勃發展。 支付網路幾十年來的主導地位近期愈來愈引起監管機構和零售商的關注，2020年，美司法部提出反壟斷訴訟，阻止Visa收購金融科技公司Plaid，兩家公司最初表明將對抗訴訟，但很快就放棄了這項價值53億美元（約新台幣1690.4億元）的收購交易。 今年3月，Visa和萬事達卡同意限制收費，並允許商家向使用信用卡的客戶收取費用，零售商表示，這一協議將在5年內，協助節省300億美元（約新台幣9570億元）。聯邦法官最終以他們有能力支付「更大規模」的交易費用為由，駁回雙方的和解協議。 美司法部在訴狀中指出，Visa威脅商家和銀行，如果他們將簽帳交易的大量佔額轉移給競爭對手，則將面臨懲罰性費率。美司法部表示，這些排他性協議有助於讓Visa旗下4分之3的簽帳交易免受公平競爭的影響，鞏固了Visa網路的地位。 美司法部提到，這些措施也抑制了產業創新。訴狀稱，Visa每年向競爭對手支付數億美元，以降低他們研發創新技術的風險，這些新技術可以推動產業發展，但可能會威脅到Visa的壟斷利潤。,"['財經', '國際財經']",
4810162,API：美國原油庫存上週減少逾433萬桶 降幅超預期,2024-09-25 01:08:00+00:00,核稿編輯高佳菁,https://img.ltn.com.tw/Upload/business/page/800/2024/09/25/phpI2UBbt.jpg根據美國石油協會（API）公佈的最新數據顯示，截至9月20日的1週內，美國原油庫存減少433.9萬桶。（示意圖，法新社）高佳菁／核稿編輯 〔財經頻道／綜合報導〕根據美國石油協會（API）公佈的最新數據顯示，截至9月20日的1週內，美國原油庫存減少433.9萬桶，降幅超過市場預期的減少110桶。 綜合媒體報導，除整體原油庫存減少外，美國汽油庫存和蒸餾油庫也在上週分別減少343.8萬桶、111.5萬桶。 根據《investing.com》數據，截至台灣時間9月25日上午8點54分左右，紐約西德州中級原油2024年11月交割價下跌0.12美元，或0.17%，暫報每桶71.44美元；倫敦布蘭特原油2024年12月交割價下跌0.07美元，或0.09%，暫報每桶74.39美元。,"['財經', '國際財經']",
4810167,台股開盤》台積電重返千元 指數漲近300點站上22700點,2024-09-25 01:04:00+00:00,核稿編輯高佳菁,https://img.ltn.com.tw/Upload/business/page/800/2024/09/25/phpSQi1DN.jpg台積電重返千元，指數漲近300點站上22700點（資料照）高佳菁／核稿編輯 〔財經頻道／綜合報導〕美股4大指數週二全面上揚，台股今在台積電（2330）開盤直接站上千元大關，指數開盤漲137.51點，以22569.29點開出，在電金傳齊揚下，指數開高走高，漲逾近300點，指數來到22729點。 ,"['財經', '證券產業']",
4810159,黃金再刷新高！分析師認最快「這時」破2700美元,2024-09-25 00:55:00+00:00,核稿編輯高佳菁,https://img.ltn.com.tw/Upload/business/page/800/2024/09/25/phpyXL76J.jpg週二（24日）黃金上漲。（路透資料照）高佳菁／核稿編輯 〔財經頻道／綜合報導〕由於中東緊張局勢和美國消費者信心惡化，增強黃金的避險吸引力，加上美國公債殖利率下跌和美元疲軟，週二（24日）黃金價格上漲1%創下史上高點，2024年迄今金價已上漲28%，分析師則認為，中東局勢若進一步升級，並且有更多降息的傳言，金價可能最快在本週末突破2700美元。 黃金現貨價格上漲1.1%，報每盎司2656.38美元，盤中價格一度觸及2654.96美元紀錄；12月交割的黃金期貨價格上漲約1%，報每盎司2680美元。 《Market Watch》報導，Kitco.com資深分析師威柯夫（Jim Wyckoff）表示，隨著中國央行將關鍵利率（銀行存款準備金率）降低 0.5個百分點，以支持中國股市和房地產市場，貴金屬得到了一些「潛在的利多消息」，可能促使促使中國對包括金屬在內的原材料需求增加。 另外據《路透》報導，RJO期貨公司資深市場策略師哈伯康（Bob Haberkorn）表示，金價當前飆漲係因對中東局勢的擔憂而進行避險。他認為伊朗可能有下一步行動，所以黃金將繼續創下新高。 他說：「如果中東局勢進一步升級，並且有更多降息的傳言，金價可能最快在本週末突破2700美元。」 而美國聯準會（Fed）開始放鬆貨幣政策也推動了金價的上漲，因為黃金不孳息，降息可削減持有黃金的機會成本。 芝加哥聯邦準備銀行總裁古斯比（Austan Goolsbee）預計明年將進一步降息，這增強了黃金動能。 交易員等待本週稍晚Fed主席鮑爾（Jerome Powell）的演講和美國通膨數據。,"['財經', '國際財經']",
